Data As Of,Jurisdiction,Group,Subgroup,Year of Death,Month of Death,Time Period,Month Ending Date,Maternal Deaths,Live Births,Maternal Mortality Rate,Footnote
01/12/2025,United States,Total,Total,2019,1,12 month-ending,01/31/2019,660,"3,787,776",17.4,
01/12/2025,United States,Total,Total,2019,2,12 month-ending,02/28/2019,653,"3,783,489",17.3,
01/12/2025,United States,Total,Total,2019,3,12 month-ending,03/31/2019,657,"3,771,682",17.4,
01/12/2025,United States,Total,Total,2019,4,12 month-ending,04/30/2019,668,"3,772,235",17.7,
01/12/2025,United States,Total,Total,2019,5,12 month-ending,05/31/2019,706,"3,767,999",18.7,
01/12/2025,United States,Total,Total,2019,6,12 month-ending,06/30/2019,720,"3,757,275",19.2,
01/12/2025,United States,Total,Total,2019,7,12 month-ending,07/31/2019,721,"3,761,912",19.2,
01/12/2025,United States,Total,Total,2019,8,12 month-ending,08/31/2019,723,"3,758,847",19.2,
01/12/2025,United States,Total,Total,2019,9,12 month-ending,09/30/2019,729,"3,761,856",19.4,
01/12/2025,United States,Total,Total,2019,10,12 month-ending,10/31/2019,739,"3,760,121",19.7,
01/12/2025,United States,Total,Total,2019,11,12 month-ending,11/30/2019,752,"3,749,504",20.1,
01/12/2025,United States,Total,Total,2019,12,12 month-ending,12/31/2019,754,"3,747,540",20.1,
01/12/2025,United States,Total,Total,2020,1,12 month-ending,01/31/2020,740,"3,741,390",19.8,
01/12/2025,United States,Total,Total,2020,2,12 month-ending,02/29/2020,740,"3,744,081",19.8,
01/12/2025,United States,Total,Total,2020,3,12 month-ending,03/31/2020,751,"3,741,469",20.1,
01/12/2025,United States,Total,Total,2020,4,12 month-ending,04/30/2020,767,"3,733,000",20.5,
01/12/2025,United States,Total,Total,2020,5,12 month-ending,05/31/2020,763,"3,718,095",20.5,
01/12/2025,United States,Total,Total,2020,6,12 month-ending,06/30/2020,774,"3,716,167",20.8,
01/12/2025,United States,Total,Total,2020,7,12 month-ending,07/31/2020,793,"3,704,158",21.4,
01/12/2025,United States,Total,Total,2020,8,12 month-ending,08/31/2020,803,"3,682,094",21.8,
01/12/2025,United States,Total,Total,2020,9,12 month-ending,09/30/2020,831,"3,668,018",22.7,
01/12/2025,United States,Total,Total,2020,10,12 month-ending,10/31/2020,843,"3,648,060",23.1,
01/12/2025,United States,Total,Total,2020,11,12 month-ending,11/30/2020,837,"3,632,571",23,
01/12/2025,United States,Total,Total,2020,12,12 month-ending,12/31/2020,861,"3,613,647",23.8,
01/12/2025,United States,Total,Total,2021,1,12 month-ending,01/31/2021,893,"3,586,097",24.9,
01/12/2025,United States,Total,Total,2021,2,12 month-ending,02/28/2021,899,"3,569,798",25.2,
01/12/2025,United States,Total,Total,2021,3,12 month-ending,03/31/2021,894,"3,570,865",25,
01/12/2025,United States,Total,Total,2021,4,12 month-ending,04/30/2021,899,"3,573,595",25.2,
01/12/2025,United States,Total,Total,2021,5,12 month-ending,05/31/2021,911,"3,573,026",25.5,
01/12/2025,United States,Total,Total,2021,6,12 month-ending,06/30/2021,904,"3,584,459",25.2,
01/12/2025,United States,Total,Total,2021,7,12 month-ending,07/31/2021,908,"3,588,939",25.3,
01/12/2025,United States,Total,Total,2021,8,12 month-ending,08/31/2021,987,"3,599,589",27.4,
01/12/2025,United States,Total,Total,2021,9,12 month-ending,09/30/2021,"1,083","3,613,622",30,
01/12/2025,United States,Total,Total,2021,10,12 month-ending,10/31/2021,"1,131","3,623,951",31.2,
01/12/2025,United States,Total,Total,2021,11,12 month-ending,11/30/2021,"1,157","3,643,084",31.8,
01/12/2025,United States,Total,Total,2021,12,12 month-ending,12/31/2021,"1,205","3,664,292",32.9,
01/12/2025,United States,Total,Total,2022,1,12 month-ending,01/31/2022,"1,236","3,681,963",33.6,
01/12/2025,United States,Total,Total,2022,2,12 month-ending,02/28/2022,"1,249","3,691,335",33.8,
01/12/2025,United States,Total,Total,2022,3,12 month-ending,03/31/2022,"1,231","3,696,102",33.3,
01/12/2025,United States,Total,Total,2022,4,12 month-ending,04/30/2022,"1,200","3,691,554",32.5,
01/12/2025,United States,Total,Total,2022,5,12 month-ending,05/31/2022,"1,171","3,688,218",31.7,
01/12/2025,United States,Total,Total,2022,6,12 month-ending,06/30/2022,"1,180","3,680,380",32.1,
01/12/2025,United States,Total,Total,2022,7,12 month-ending,07/31/2022,"1,165","3,675,085",31.7,
01/12/2025,United States,Total,Total,2022,8,12 month-ending,08/31/2022,"1,067","3,680,726",29,
01/12/2025,United States,Total,Total,2022,9,12 month-ending,09/30/2022,942,"3,667,221",25.7,
01/12/2025,United States,Total,Total,2022,10,12 month-ending,10/31/2022,894,"3,658,612",24.4,
01/12/2025,United States,Total,Total,2022,11,12 month-ending,11/30/2022,870,"3,664,030",23.7,
01/12/2025,United States,Total,Total,2022,12,12 month-ending,12/31/2022,817,"3,667,758",22.3,
01/12/2025,United States,Total,Total,2023,1,12 month-ending,01/31/2023,766,"3,672,380",20.9,
01/12/2025,United States,Total,Total,2023,2,12 month-ending,02/28/2023,754,"3,667,498",20.6,
01/12/2025,United States,Total,Total,2023,3,12 month-ending,03/31/2023,759,"3,659,394",20.7,
01/12/2025,United States,Total,Total,2023,4,12 month-ending,04/30/2023,755,"3,649,364",20.7,
01/12/2025,United States,Total,Total,2023,5,12 month-ending,05/31/2023,729,"3,651,333",20,
01/12/2025,United States,Total,Total,2023,6,12 month-ending,06/30/2023,713,"3,648,896",19.5,
01/12/2025,United States,Total,Total,2023,7,12 month-ending,07/31/2023,701,"3,639,671",19.3,
01/12/2025,United States,Total,Total,2023,8,12 month-ending,08/31/2023,685,"3,626,120",18.9,
01/12/2025,United States,Total,Total,2023,9,12 month-ending,09/30/2023,686,"3,619,396",19,
01/12/2025,United States,Total,Total,2023,10,12 month-ending,10/31/2023,672,"3,621,708",18.6,
01/12/2025,United States,Total,Total,2023,11,12 month-ending,11/30/2023,665,"3,612,788",18.4,
01/12/2025,United States,Total,Total,2023,12,12 month-ending,12/31/2023,669,"3,596,017",18.6,
01/12/2025,United States,Total,Total,2024,1,12 month-ending,01/31/2024,673,"3,593,462",18.7,
01/12/2025,United States,Total,Total,2024,2,12 month-ending,02/29/2024,670,"3,605,658",18.6,
01/12/2025,United States,Total,Total,2024,3,12 month-ending,03/31/2024,673,"3,604,172",18.7,
01/12/2025,United States,Total,Total,2024,4,12 month-ending,04/30/2024,671,"3,614,859",18.6,
01/12/2025,United States,Total,Total,2024,5,12 month-ending,05/31/2024,698,"3,618,282",19.3,
01/12/2025,United States,Total,Total,2024,6,12 month-ending,06/30/2024,696,"3,607,870",19.3,
01/12/2025,United States,Total,Total,2024,7,12 month-ending,07/31/2024,697,"3,615,011",19.3,
01/12/2025,United States,Total,Total,2024,8,12 month-ending,08/31/2024,697,"3,617,869",19.3,
01/12/2025,United States,Total,Total,2024,9,12 month-ending,09/30/2024,697,"3,620,049",19.3,
01/12/2025,United States,Age,Under 25 years,2019,1,12 month-ending,01/31/2019,98,"904,573",10.8,
01/12/2025,United States,Age,Under 25 years,2019,2,12 month-ending,02/28/2019,103,"901,429",11.4,
01/12/2025,United States,Age,Under 25 years,2019,3,12 month-ending,03/31/2019,101,"896,332",11.3,
01/12/2025,United States,Age,Under 25 years,2019,4,12 month-ending,04/30/2019,107,"894,830",12,
01/12/2025,United States,Age,Under 25 years,2019,5,12 month-ending,05/31/2019,113,"892,029",12.7,
01/12/2025,United States,Age,Under 25 years,2019,6,12 month-ending,06/30/2019,116,"887,707",13.1,
01/12/2025,United States,Age,Under 25 years,2019,7,12 month-ending,07/31/2019,117,"886,531",13.2,
01/12/2025,United States,Age,Under 25 years,2019,8,12 month-ending,08/31/2019,113,"885,087",12.8,
01/12/2025,United States,Age,Under 25 years,2019,9,12 month-ending,09/30/2019,117,"884,871",13.2,
01/12/2025,United States,Age,Under 25 years,2019,10,12 month-ending,10/31/2019,112,"883,679",12.7,
01/12/2025,United States,Age,Under 25 years,2019,11,12 month-ending,11/30/2019,112,"879,538",12.7,
01/12/2025,United States,Age,Under 25 years,2019,12,12 month-ending,12/31/2019,111,"877,803",12.6,
01/12/2025,United States,Age,Under 25 years,2020,1,12 month-ending,01/31/2020,113,"874,203",12.9,
01/12/2025,United States,Age,Under 25 years,2020,2,12 month-ending,02/29/2020,112,"873,116",12.8,
01/12/2025,United States,Age,Under 25 years,2020,3,12 month-ending,03/31/2020,112,"870,491",12.9,
01/12/2025,United States,Age,Under 25 years,2020,4,12 month-ending,04/30/2020,106,"866,834",12.2,
01/12/2025,United States,Age,Under 25 years,2020,5,12 month-ending,05/31/2020,109,"861,548",12.7,
01/12/2025,United States,Age,Under 25 years,2020,6,12 month-ending,06/30/2020,110,"859,268",12.8,
01/12/2025,United States,Age,Under 25 years,2020,7,12 month-ending,07/31/2020,103,"854,800",12,
01/12/2025,United States,Age,Under 25 years,2020,8,12 month-ending,08/31/2020,106,"847,356",12.5,
01/12/2025,United States,Age,Under 25 years,2020,9,12 month-ending,09/30/2020,105,"841,843",12.5,
01/12/2025,United States,Age,Under 25 years,2020,10,12 month-ending,10/31/2020,113,"834,920",13.5,
01/12/2025,United States,Age,Under 25 years,2020,11,12 month-ending,11/30/2020,109,"830,203",13.1,
01/12/2025,United States,Age,Under 25 years,2020,12,12 month-ending,12/31/2020,114,"825,403",13.8,
01/12/2025,United States,Age,Under 25 years,2021,1,12 month-ending,01/31/2021,111,"817,226",13.6,
01/12/2025,United States,Age,Under 25 years,2021,2,12 month-ending,02/28/2021,110,"810,971",13.6,
01/12/2025,United States,Age,Under 25 years,2021,3,12 month-ending,03/31/2021,116,"808,359",14.4,
01/12/2025,United States,Age,Under 25 years,2021,4,12 month-ending,04/30/2021,120,"806,054",14.9,
01/12/2025,United States,Age,Under 25 years,2021,5,12 month-ending,05/31/2021,118,"803,650",14.7,
01/12/2025,United States,Age,Under 25 years,2021,6,12 month-ending,06/30/2021,123,"802,875",15.3,
01/12/2025,United States,Age,Under 25 years,2021,7,12 month-ending,07/31/2021,124,"801,130",15.5,
01/12/2025,United States,Age,Under 25 years,2021,8,12 month-ending,08/31/2021,133,"799,063",16.6,
01/12/2025,United States,Age,Under 25 years,2021,9,12 month-ending,09/30/2021,142,"798,684",17.8,
01/12/2025,United States,Age,Under 25 years,2021,10,12 month-ending,10/31/2021,144,"797,996",18,
01/12/2025,United States,Age,Under 25 years,2021,11,12 month-ending,11/30/2021,154,"797,869",19.3,
01/12/2025,United States,Age,Under 25 years,2021,12,12 month-ending,12/31/2021,163,"797,334",20.4,
01/12/2025,United States,Age,Under 25 years,2022,1,12 month-ending,01/31/2022,168,"798,499",21,
01/12/2025,United States,Age,Under 25 years,2022,2,12 month-ending,02/28/2022,171,"798,098",21.4,
01/12/2025,United States,Age,Under 25 years,2022,3,12 month-ending,03/31/2022,165,"797,251",20.7,
01/12/2025,United States,Age,Under 25 years,2022,4,12 month-ending,04/30/2022,162,"794,713",20.4,
01/12/2025,United States,Age,Under 25 years,2022,5,12 month-ending,05/31/2022,158,"792,215",19.9,
01/12/2025,United States,Age,Under 25 years,2022,6,12 month-ending,06/30/2022,156,"789,969",19.7,
01/12/2025,United States,Age,Under 25 years,2022,7,12 month-ending,07/31/2022,160,"788,220",20.3,
01/12/2025,United States,Age,Under 25 years,2022,8,12 month-ending,08/31/2022,150,"789,397",19,
01/12/2025,United States,Age,Under 25 years,2022,9,12 month-ending,09/30/2022,139,"785,548",17.7,
01/12/2025,United States,Age,Under 25 years,2022,10,12 month-ending,10/31/2022,131,"782,613",16.7,
01/12/2025,United States,Age,Under 25 years,2022,11,12 month-ending,11/30/2022,123,"783,891",15.7,
01/12/2025,United States,Age,Under 25 years,2022,12,12 month-ending,12/31/2022,113,"784,299",14.4,
01/12/2025,United States,Age,Under 25 years,2023,1,12 month-ending,01/31/2023,106,"785,165",13.5,
01/12/2025,United States,Age,Under 25 years,2023,2,12 month-ending,02/28/2023,98,"784,316",12.5,
01/12/2025,United States,Age,Under 25 years,2023,3,12 month-ending,03/31/2023,101,"783,299",12.9,
01/12/2025,United States,Age,Under 25 years,2023,4,12 month-ending,04/30/2023,98,"780,785",12.6,
01/12/2025,United States,Age,Under 25 years,2023,5,12 month-ending,05/31/2023,95,"781,147",12.2,
01/12/2025,United States,Age,Under 25 years,2023,6,12 month-ending,06/30/2023,91,"779,506",11.7,
01/12/2025,United States,Age,Under 25 years,2023,7,12 month-ending,07/31/2023,91,"775,979",11.7,
01/12/2025,United States,Age,Under 25 years,2023,8,12 month-ending,08/31/2023,87,"771,289",11.3,
01/12/2025,United States,Age,Under 25 years,2023,9,12 month-ending,09/30/2023,90,"768,147",11.7,
01/12/2025,United States,Age,Under 25 years,2023,10,12 month-ending,10/31/2023,89,"767,395",11.6,
01/12/2025,United States,Age,Under 25 years,2023,11,12 month-ending,11/30/2023,93,"764,225",12.2,
01/12/2025,United States,Age,Under 25 years,2023,12,12 month-ending,12/31/2023,95,"759,713",12.5,
01/12/2025,United States,Age,Under 25 years,2024,1,12 month-ending,01/31/2024,100,"757,493",13.2,
01/12/2025,United States,Age,Under 25 years,2024,2,12 month-ending,02/29/2024,106,"758,624",14,
01/12/2025,United States,Age,Under 25 years,2024,3,12 month-ending,03/31/2024,111,"756,416",14.7,
01/12/2025,United States,Age,Under 25 years,2024,4,12 month-ending,04/30/2024,115,"757,368",15.2,
01/12/2025,United States,Age,Under 25 years,2024,5,12 month-ending,05/31/2024,123,"756,161",16.3,
01/12/2025,United States,Age,Under 25 years,2024,6,12 month-ending,06/30/2024,122,"753,797",16.2,
01/12/2025,United States,Age,Under 25 years,2024,7,12 month-ending,07/31/2024,117,"754,457",15.5,
01/12/2025,United States,Age,Under 25 years,2024,8,12 month-ending,08/31/2024,117,"754,467",15.5,
01/12/2025,United States,Age,Under 25 years,2024,9,12 month-ending,09/30/2024,116,"754,367",15.4,
01/12/2025,United States,Age,25-39 years,2019,1,12 month-ending,01/31/2019,461,"2,756,117",16.7,
01/12/2025,United States,Age,25-39 years,2019,2,12 month-ending,02/28/2019,453,"2,754,668",16.4,
01/12/2025,United States,Age,25-39 years,2019,3,12 month-ending,03/31/2019,464,"2,748,124",16.9,
01/12/2025,United States,Age,25-39 years,2019,4,12 month-ending,04/30/2019,469,"2,749,841",17.1,
01/12/2025,United States,Age,25-39 years,2019,5,12 month-ending,05/31/2019,500,"2,748,198",18.2,
01/12/2025,United States,Age,25-39 years,2019,6,12 month-ending,06/30/2019,511,"2,741,991",18.6,
01/12/2025,United States,Age,25-39 years,2019,7,12 month-ending,07/31/2019,510,"2,747,133",18.6,
01/12/2025,United States,Age,25-39 years,2019,8,12 month-ending,08/31/2019,516,"2,745,464",18.8,
01/12/2025,United States,Age,25-39 years,2019,9,12 month-ending,09/30/2019,514,"2,748,154",18.7,
01/12/2025,United States,Age,25-39 years,2019,10,12 month-ending,10/31/2019,528,"2,747,188",19.2,
01/12/2025,United States,Age,25-39 years,2019,11,12 month-ending,11/30/2019,547,"2,740,604",20,
01/12/2025,United States,Age,25-39 years,2019,12,12 month-ending,12/31/2019,544,"2,739,976",19.9,
01/12/2025,United States,Age,25-39 years,2020,1,12 month-ending,01/31/2020,528,"2,737,166",19.3,
01/12/2025,United States,Age,25-39 years,2020,2,12 month-ending,02/29/2020,531,"2,740,252",19.4,
01/12/2025,United States,Age,25-39 years,2020,3,12 month-ending,03/31/2020,541,"2,739,769",19.7,
01/12/2025,United States,Age,25-39 years,2020,4,12 month-ending,04/30/2020,558,"2,734,758",20.4,
01/12/2025,United States,Age,25-39 years,2020,5,12 month-ending,05/31/2020,549,"2,725,270",20.1,
01/12/2025,United States,Age,25-39 years,2020,6,12 month-ending,06/30/2020,554,"2,724,871",20.3,
01/12/2025,United States,Age,25-39 years,2020,7,12 month-ending,07/31/2020,574,"2,717,268",21.1,
01/12/2025,United States,Age,25-39 years,2020,8,12 month-ending,08/31/2020,581,"2,703,022",21.5,
01/12/2025,United States,Age,25-39 years,2020,9,12 month-ending,09/30/2020,602,"2,694,515",22.3,
01/12/2025,United States,Age,25-39 years,2020,10,12 month-ending,10/31/2020,607,"2,681,542",22.6,
01/12/2025,United States,Age,25-39 years,2020,11,12 month-ending,11/30/2020,592,"2,671,162",22.2,
01/12/2025,United States,Age,25-39 years,2020,12,12 month-ending,12/31/2020,607,"2,658,445",22.8,
01/12/2025,United States,Age,25-39 years,2021,1,12 month-ending,01/31/2021,635,"2,640,885",24,
01/12/2025,United States,Age,25-39 years,2021,2,12 month-ending,02/28/2021,635,"2,631,550",24.1,
01/12/2025,United States,Age,25-39 years,2021,3,12 month-ending,03/31/2021,632,"2,635,016",24,
01/12/2025,United States,Age,25-39 years,2021,4,12 month-ending,04/30/2021,625,"2,639,627",23.7,
01/12/2025,United States,Age,25-39 years,2021,5,12 month-ending,05/31/2021,633,"2,641,273",24,
01/12/2025,United States,Age,25-39 years,2021,6,12 month-ending,06/30/2021,625,"2,652,817",23.6,
01/12/2025,United States,Age,25-39 years,2021,7,12 month-ending,07/31/2021,628,"2,658,310",23.6,
01/12/2025,United States,Age,25-39 years,2021,8,12 month-ending,08/31/2021,686,"2,670,107",25.7,
01/12/2025,United States,Age,25-39 years,2021,9,12 month-ending,09/30/2021,763,"2,683,809",28.4,
01/12/2025,United States,Age,25-39 years,2021,10,12 month-ending,10/31/2021,800,"2,694,181",29.7,
01/12/2025,United States,Age,25-39 years,2021,11,12 month-ending,11/30/2021,822,"2,711,989",30.3,
01/12/2025,United States,Age,25-39 years,2021,12,12 month-ending,12/31/2021,854,"2,731,223",31.3,
01/12/2025,United States,Age,25-39 years,2022,1,12 month-ending,01/31/2022,877,"2,745,469",31.9,
01/12/2025,United States,Age,25-39 years,2022,2,12 month-ending,02/28/2022,886,"2,753,946",32.2,
01/12/2025,United States,Age,25-39 years,2022,3,12 month-ending,03/31/2022,871,"2,758,457",31.6,
01/12/2025,United States,Age,25-39 years,2022,4,12 month-ending,04/30/2022,856,"2,756,011",31.1,
01/12/2025,United States,Age,25-39 years,2022,5,12 month-ending,05/31/2022,835,"2,754,395",30.3,
01/12/2025,United States,Age,25-39 years,2022,6,12 month-ending,06/30/2022,842,"2,748,591",30.6,
01/12/2025,United States,Age,25-39 years,2022,7,12 month-ending,07/31/2022,823,"2,744,647",30,
01/12/2025,United States,Age,25-39 years,2022,8,12 month-ending,08/31/2022,750,"2,748,484",27.3,
01/12/2025,United States,Age,25-39 years,2022,9,12 month-ending,09/30/2022,650,"2,738,600",23.7,
01/12/2025,United States,Age,25-39 years,2022,10,12 month-ending,10/31/2022,616,"2,732,726",22.5,
01/12/2025,United States,Age,25-39 years,2022,11,12 month-ending,11/30/2022,607,"2,735,974",22.2,
01/12/2025,United States,Age,25-39 years,2022,12,12 month-ending,12/31/2022,578,"2,738,802",21.1,
01/12/2025,United States,Age,25-39 years,2023,1,12 month-ending,01/31/2023,544,"2,741,827",19.8,
01/12/2025,United States,Age,25-39 years,2023,2,12 month-ending,02/28/2023,544,"2,737,685",19.9,
01/12/2025,United States,Age,25-39 years,2023,3,12 month-ending,03/31/2023,549,"2,730,700",20.1,
01/12/2025,United States,Age,25-39 years,2023,4,12 month-ending,04/30/2023,552,"2,723,125",20.3,
01/12/2025,United States,Age,25-39 years,2023,5,12 month-ending,05/31/2023,536,"2,724,172",19.7,
01/12/2025,United States,Age,25-39 years,2023,6,12 month-ending,06/30/2023,527,"2,722,913",19.4,
01/12/2025,United States,Age,25-39 years,2023,7,12 month-ending,07/31/2023,519,"2,717,280",19.1,
01/12/2025,United States,Age,25-39 years,2023,8,12 month-ending,08/31/2023,505,"2,708,231",18.6,
01/12/2025,United States,Age,25-39 years,2023,9,12 month-ending,09/30/2023,509,"2,704,432",18.8,
01/12/2025,United States,Age,25-39 years,2023,10,12 month-ending,10/31/2023,501,"2,706,877",18.5,
01/12/2025,United States,Age,25-39 years,2023,11,12 month-ending,11/30/2023,490,"2,701,223",18.1,
01/12/2025,United States,Age,25-39 years,2023,12,12 month-ending,12/31/2023,486,"2,689,250",18.1,
01/12/2025,United States,Age,25-39 years,2024,1,12 month-ending,01/31/2024,475,"2,688,729",17.7,
01/12/2025,United States,Age,25-39 years,2024,2,12 month-ending,02/29/2024,467,"2,698,709",17.3,
01/12/2025,United States,Age,25-39 years,2024,3,12 month-ending,03/31/2024,461,"2,698,949",17.1,
01/12/2025,United States,Age,25-39 years,2024,4,12 month-ending,04/30/2024,455,"2,708,022",16.8,
01/12/2025,United States,Age,25-39 years,2024,5,12 month-ending,05/31/2024,468,"2,712,237",17.3,
01/12/2025,United States,Age,25-39 years,2024,6,12 month-ending,06/30/2024,463,"2,704,454",17.1,
01/12/2025,United States,Age,25-39 years,2024,7,12 month-ending,07/31/2024,472,"2,710,034",17.4,
01/12/2025,United States,Age,25-39 years,2024,8,12 month-ending,08/31/2024,472,"2,712,673",17.4,
01/12/2025,United States,Age,25-39 years,2024,9,12 month-ending,09/30/2024,471,"2,714,800",17.3,
01/12/2025,United States,Age,40 years and over,2019,1,12 month-ending,01/31/2019,101,"127,086",79.5,
01/12/2025,United States,Age,40 years and over,2019,2,12 month-ending,02/28/2019,97,"127,392",76.1,
01/12/2025,United States,Age,40 years and over,2019,3,12 month-ending,03/31/2019,92,"127,226",72.3,
01/12/2025,United States,Age,40 years and over,2019,4,12 month-ending,04/30/2019,92,"127,564",72.1,
01/12/2025,United States,Age,40 years and over,2019,5,12 month-ending,05/31/2019,93,"127,772",72.8,
01/12/2025,United States,Age,40 years and over,2019,6,12 month-ending,06/30/2019,93,"127,577",72.9,
01/12/2025,United States,Age,40 years and over,2019,7,12 month-ending,07/31/2019,93,"128,248",72.5,
01/12/2025,United States,Age,40 years and over,2019,8,12 month-ending,08/31/2019,93,"128,296",72.5,
01/12/2025,United States,Age,40 years and over,2019,9,12 month-ending,09/30/2019,97,"128,831",75.3,
01/12/2025,United States,Age,40 years and over,2019,10,12 month-ending,10/31/2019,98,"129,254",75.8,
01/12/2025,United States,Age,40 years and over,2019,11,12 month-ending,11/30/2019,92,"129,362",71.1,
01/12/2025,United States,Age,40 years and over,2019,12,12 month-ending,12/31/2019,98,"129,761",75.5,
01/12/2025,United States,Age,40 years and over,2020,1,12 month-ending,01/31/2020,98,"130,021",75.4,
01/12/2025,United States,Age,40 years and over,2020,2,12 month-ending,02/29/2020,96,"130,713",73.4,
01/12/2025,United States,Age,40 years and over,2020,3,12 month-ending,03/31/2020,97,"131,209",73.9,
01/12/2025,United States,Age,40 years and over,2020,4,12 month-ending,04/30/2020,102,"131,408",77.6,
01/12/2025,United States,Age,40 years and over,2020,5,12 month-ending,05/31/2020,104,"131,277",79.2,
01/12/2025,United States,Age,40 years and over,2020,6,12 month-ending,06/30/2020,109,"132,028",82.6,
01/12/2025,United States,Age,40 years and over,2020,7,12 month-ending,07/31/2020,116,"132,090",87.8,
01/12/2025,United States,Age,40 years and over,2020,8,12 month-ending,08/31/2020,116,"131,716",88.1,
01/12/2025,United States,Age,40 years and over,2020,9,12 month-ending,09/30/2020,124,"131,660",94.2,
01/12/2025,United States,Age,40 years and over,2020,10,12 month-ending,10/31/2020,123,"131,598",93.5,
01/12/2025,United States,Age,40 years and over,2020,11,12 month-ending,11/30/2020,136,"131,206",103.7,
01/12/2025,United States,Age,40 years and over,2020,12,12 month-ending,12/31/2020,140,"129,799",107.9,
01/12/2025,United States,Age,40 years and over,2021,1,12 month-ending,01/31/2021,147,"127,986",114.9,
01/12/2025,United States,Age,40 years and over,2021,2,12 month-ending,02/28/2021,154,"127,277",121,
01/12/2025,United States,Age,40 years and over,2021,3,12 month-ending,03/31/2021,146,"127,490",114.5,
01/12/2025,United States,Age,40 years and over,2021,4,12 month-ending,04/30/2021,154,"127,914",120.4,
01/12/2025,United States,Age,40 years and over,2021,5,12 month-ending,05/31/2021,160,"128,103",124.9,
01/12/2025,United States,Age,40 years and over,2021,6,12 month-ending,06/30/2021,156,"128,767",121.1,
01/12/2025,United States,Age,40 years and over,2021,7,12 month-ending,07/31/2021,156,"129,499",120.5,
01/12/2025,United States,Age,40 years and over,2021,8,12 month-ending,08/31/2021,168,"130,419",128.8,
01/12/2025,United States,Age,40 years and over,2021,9,12 month-ending,09/30/2021,178,"131,129",135.7,
01/12/2025,United States,Age,40 years and over,2021,10,12 month-ending,10/31/2021,187,"131,774",141.9,
01/12/2025,United States,Age,40 years and over,2021,11,12 month-ending,11/30/2021,181,"133,226",135.9,
01/12/2025,United States,Age,40 years and over,2021,12,12 month-ending,12/31/2021,188,"135,735",138.5,
01/12/2025,United States,Age,40 years and over,2022,1,12 month-ending,01/31/2022,191,"137,995",138.4,
01/12/2025,United States,Age,40 years and over,2022,2,12 month-ending,02/28/2022,192,"139,291",137.8,
01/12/2025,United States,Age,40 years and over,2022,3,12 month-ending,03/31/2022,195,"140,394",138.9,
01/12/2025,United States,Age,40 years and over,2022,4,12 month-ending,04/30/2022,182,"140,830",129.2,
01/12/2025,United States,Age,40 years and over,2022,5,12 month-ending,05/31/2022,178,"141,608",125.7,
01/12/2025,United States,Age,40 years and over,2022,6,12 month-ending,06/30/2022,182,"141,820",128.3,
01/12/2025,United States,Age,40 years and over,2022,7,12 month-ending,07/31/2022,182,"142,218",128,
01/12/2025,United States,Age,40 years and over,2022,8,12 month-ending,08/31/2022,167,"142,845",116.9,
01/12/2025,United States,Age,40 years and over,2022,9,12 month-ending,09/30/2022,153,"143,073",106.9,
01/12/2025,United States,Age,40 years and over,2022,10,12 month-ending,10/31/2022,147,"143,273",102.6,
01/12/2025,United States,Age,40 years and over,2022,11,12 month-ending,11/30/2022,140,"144,165",97.1,
01/12/2025,United States,Age,40 years and over,2022,12,12 month-ending,12/31/2022,126,"144,657",87.1,
01/12/2025,United States,Age,40 years and over,2023,1,12 month-ending,01/31/2023,116,"145,388",79.8,
01/12/2025,United States,Age,40 years and over,2023,2,12 month-ending,02/28/2023,112,"145,497",77,
01/12/2025,United States,Age,40 years and over,2023,3,12 month-ending,03/31/2023,109,"145,395",75,
01/12/2025,United States,Age,40 years and over,2023,4,12 month-ending,04/30/2023,105,"145,454",72.2,
01/12/2025,United States,Age,40 years and over,2023,5,12 month-ending,05/31/2023,98,"146,014",67.1,
01/12/2025,United States,Age,40 years and over,2023,6,12 month-ending,06/30/2023,95,"146,477",64.9,
01/12/2025,United States,Age,40 years and over,2023,7,12 month-ending,07/31/2023,91,"146,412",62.2,
01/12/2025,United States,Age,40 years and over,2023,8,12 month-ending,08/31/2023,93,"146,600",63.4,
01/12/2025,United States,Age,40 years and over,2023,9,12 month-ending,09/30/2023,87,"146,817",59.3,
01/12/2025,United States,Age,40 years and over,2023,10,12 month-ending,10/31/2023,82,"147,436",55.6,
01/12/2025,United States,Age,40 years and over,2023,11,12 month-ending,11/30/2023,82,"147,340",55.7,
01/12/2025,United States,Age,40 years and over,2023,12,12 month-ending,12/31/2023,88,"147,054",59.8,
01/12/2025,United States,Age,40 years and over,2024,1,12 month-ending,01/31/2024,98,"147,240",66.6,
01/12/2025,United States,Age,40 years and over,2024,2,12 month-ending,02/29/2024,97,"148,325",65.4,
01/12/2025,United States,Age,40 years and over,2024,3,12 month-ending,03/31/2024,101,"148,807",67.9,
01/12/2025,United States,Age,40 years and over,2024,4,12 month-ending,04/30/2024,101,"149,469",67.6,
01/12/2025,United States,Age,40 years and over,2024,5,12 month-ending,05/31/2024,107,"149,884",71.4,
01/12/2025,United States,Age,40 years and over,2024,6,12 month-ending,06/30/2024,111,"149,619",74.2,
01/12/2025,United States,Age,40 years and over,2024,7,12 month-ending,07/31/2024,108,"150,520",71.8,
01/12/2025,United States,Age,40 years and over,2024,8,12 month-ending,08/31/2024,108,"150,729",71.7,
01/12/2025,United States,Age,40 years and over,2024,9,12 month-ending,09/30/2024,110,"150,882",72.9,
01/12/2025,United States,Race and Hispanic origin,Hispanic,2019,1,12 month-ending,01/31/2019,90,"885,705",10.2,
01/12/2025,United States,Race and Hispanic origin,Hispanic,2019,2,12 month-ending,02/28/2019,90,"885,333",10.2,
01/12/2025,United States,Race and Hispanic origin,Hispanic,2019,3,12 month-ending,03/31/2019,89,"883,687",10.1,
01/12/2025,United States,Race and Hispanic origin,Hispanic,2019,4,12 month-ending,04/30/2019,96,"884,928",10.8,
01/12/2025,United States,Race and Hispanic origin,Hispanic,2019,5,12 month-ending,05/31/2019,103,"884,930",11.6,
01/12/2025,United States,Race and Hispanic origin,Hispanic,2019,6,12 month-ending,06/30/2019,105,"883,801",11.9,
01/12/2025,United States,Race and Hispanic origin,Hispanic,2019,7,12 month-ending,07/31/2019,100,"885,160",11.3,
01/12/2025,United States,Race and Hispanic origin,Hispanic,2019,8,12 month-ending,08/31/2019,100,"885,671",11.3,
01/12/2025,United States,Race and Hispanic origin,Hispanic,2019,9,12 month-ending,09/30/2019,96,"887,617",10.8,
01/12/2025,United States,Race and Hispanic origin,Hispanic,2019,10,12 month-ending,10/31/2019,103,"888,275",11.6,
01/12/2025,United States,Race and Hispanic origin,Hispanic,2019,11,12 month-ending,11/30/2019,109,"886,231",12.3,
01/12/2025,United States,Race and Hispanic origin,Hispanic,2019,12,12 month-ending,12/31/2019,112,"886,467",12.6,
01/12/2025,United States,Race and Hispanic origin,Hispanic,2020,1,12 month-ending,01/31/2020,110,"886,326",12.4,
01/12/2025,United States,Race and Hispanic origin,Hispanic,2020,2,12 month-ending,02/29/2020,114,"888,125",12.8,
01/12/2025,United States,Race and Hispanic origin,Hispanic,2020,3,12 month-ending,03/31/2020,115,"888,044",12.9,
01/12/2025,United States,Race and Hispanic origin,Hispanic,2020,4,12 month-ending,04/30/2020,120,"887,527",13.5,
01/12/2025,United States,Race and Hispanic origin,Hispanic,2020,5,12 month-ending,05/31/2020,118,"884,865",13.3,
01/12/2025,United States,Race and Hispanic origin,Hispanic,2020,6,12 month-ending,06/30/2020,123,"885,039",13.9,
01/12/2025,United States,Race and Hispanic origin,Hispanic,2020,7,12 month-ending,07/31/2020,136,"883,239",15.4,
01/12/2025,United States,Race and Hispanic origin,Hispanic,2020,8,12 month-ending,08/31/2020,142,"878,704",16.2,
01/12/2025,United States,Race and Hispanic origin,Hispanic,2020,9,12 month-ending,09/30/2020,148,"876,283",16.9,
01/12/2025,United States,Race and Hispanic origin,Hispanic,2020,10,12 month-ending,10/31/2020,153,"872,928",17.5,
01/12/2025,United States,Race and Hispanic origin,Hispanic,2020,11,12 month-ending,11/30/2020,150,"871,249",17.2,
01/12/2025,United States,Race and Hispanic origin,Hispanic,2020,12,12 month-ending,12/31/2020,158,"866,713",18.2,
01/12/2025,United States,Race and Hispanic origin,Hispanic,2021,1,12 month-ending,01/31/2021,177,"858,833",20.6,
01/12/2025,United States,Race and Hispanic origin,Hispanic,2021,2,12 month-ending,02/28/2021,180,"853,365",21.1,
01/12/2025,United States,Race and Hispanic origin,Hispanic,2021,3,12 month-ending,03/31/2021,186,"853,143",21.8,
01/12/2025,United States,Race and Hispanic origin,Hispanic,2021,4,12 month-ending,04/30/2021,179,"853,483",21,
01/12/2025,United States,Race and Hispanic origin,Hispanic,2021,5,12 month-ending,05/31/2021,179,"854,389",21,
01/12/2025,United States,Race and Hispanic origin,Hispanic,2021,6,12 month-ending,06/30/2021,174,"856,973",20.3,
01/12/2025,United States,Race and Hispanic origin,Hispanic,2021,7,12 month-ending,07/31/2021,172,"858,586",20,
01/12/2025,United States,Race and Hispanic origin,Hispanic,2021,8,12 month-ending,08/31/2021,191,"861,675",22.2,
01/12/2025,United States,Race and Hispanic origin,Hispanic,2021,9,12 month-ending,09/30/2021,216,"866,414",24.9,
01/12/2025,United States,Race and Hispanic origin,Hispanic,2021,10,12 month-ending,10/31/2021,230,"870,471",26.4,
01/12/2025,United States,Race and Hispanic origin,Hispanic,2021,11,12 month-ending,11/30/2021,250,"876,537",28.5,
01/12/2025,United States,Race and Hispanic origin,Hispanic,2021,12,12 month-ending,12/31/2021,248,"885,916",28,
01/12/2025,United States,Race and Hispanic origin,Hispanic,2022,1,12 month-ending,01/31/2022,251,"896,321",28,
01/12/2025,United States,Race and Hispanic origin,Hispanic,2022,2,12 month-ending,02/28/2022,248,"903,407",27.5,
01/12/2025,United States,Race and Hispanic origin,Hispanic,2022,3,12 month-ending,03/31/2022,245,"909,698",26.9,
01/12/2025,United States,Race and Hispanic origin,Hispanic,2022,4,12 month-ending,04/30/2022,242,"912,392",26.5,
01/12/2025,United States,Race and Hispanic origin,Hispanic,2022,5,12 month-ending,05/31/2022,240,"915,616",26.2,
01/12/2025,United States,Race and Hispanic origin,Hispanic,2022,6,12 month-ending,06/30/2022,245,"918,568",26.7,
01/12/2025,United States,Race and Hispanic origin,Hispanic,2022,7,12 month-ending,07/31/2022,240,"922,141",26,
01/12/2025,United States,Race and Hispanic origin,Hispanic,2022,8,12 month-ending,08/31/2022,216,"928,342",23.3,
01/12/2025,United States,Race and Hispanic origin,Hispanic,2022,9,12 month-ending,09/30/2022,184,"928,585",19.8,
01/12/2025,United States,Race and Hispanic origin,Hispanic,2022,10,12 month-ending,10/31/2022,168,"930,032",18.1,
01/12/2025,United States,Race and Hispanic origin,Hispanic,2022,11,12 month-ending,11/30/2022,155,"934,331",16.6,
01/12/2025,United States,Race and Hispanic origin,Hispanic,2022,12,12 month-ending,12/31/2022,158,"937,421",16.9,
01/12/2025,United States,Race and Hispanic origin,Hispanic,2023,1,12 month-ending,01/31/2023,145,"939,675",15.4,
01/12/2025,United States,Race and Hispanic origin,Hispanic,2023,2,12 month-ending,02/28/2023,142,"940,576",15.1,
01/12/2025,United States,Race and Hispanic origin,Hispanic,2023,3,12 month-ending,03/31/2023,137,"940,527",14.6,
01/12/2025,United States,Race and Hispanic origin,Hispanic,2023,4,12 month-ending,04/30/2023,140,"940,544",14.9,
01/12/2025,United States,Race and Hispanic origin,Hispanic,2023,5,12 month-ending,05/31/2023,133,"943,168",14.1,
01/12/2025,United States,Race and Hispanic origin,Hispanic,2023,6,12 month-ending,06/30/2023,128,"944,155",13.6,
01/12/2025,United States,Race and Hispanic origin,Hispanic,2023,7,12 month-ending,07/31/2023,124,"943,767",13.1,
01/12/2025,United States,Race and Hispanic origin,Hispanic,2023,8,12 month-ending,08/31/2023,124,"942,753",13.2,
01/12/2025,United States,Race and Hispanic origin,Hispanic,2023,9,12 month-ending,09/30/2023,128,"943,892",13.6,
01/12/2025,United States,Race and Hispanic origin,Hispanic,2023,10,12 month-ending,10/31/2023,126,"946,498",13.3,
01/12/2025,United States,Race and Hispanic origin,Hispanic,2023,11,12 month-ending,11/30/2023,123,"947,224",13,
01/12/2025,United States,Race and Hispanic origin,Hispanic,2023,12,12 month-ending,12/31/2023,117,"945,200",12.4,
01/12/2025,United States,Race and Hispanic origin,Hispanic,2024,1,12 month-ending,01/31/2024,122,"946,784",12.9,
01/12/2025,United States,Race and Hispanic origin,Hispanic,2024,2,12 month-ending,02/29/2024,126,"952,078",13.2,
01/12/2025,United States,Race and Hispanic origin,Hispanic,2024,3,12 month-ending,03/31/2024,130,"953,710",13.6,
01/12/2025,United States,Race and Hispanic origin,Hispanic,2024,4,12 month-ending,04/30/2024,127,"958,361",13.3,
01/12/2025,United States,Race and Hispanic origin,Hispanic,2024,5,12 month-ending,05/31/2024,129,"961,238",13.4,
01/12/2025,United States,Race and Hispanic origin,Hispanic,2024,6,12 month-ending,06/30/2024,131,"962,592",13.6,
01/12/2025,United States,Race and Hispanic origin,Hispanic,2024,7,12 month-ending,07/31/2024,133,"967,282",13.7,
01/12/2025,United States,Race and Hispanic origin,Hispanic,2024,8,12 month-ending,08/31/2024,129,"971,216",13.3,
01/12/2025,United States,Race and Hispanic origin,Hispanic,2024,9,12 month-ending,09/30/2024,133,"974,924",13.6,
01/12/2025,United States,Race and Hispanic origin,"American Indian or Alaska Native, Non-Hispanic",2019,1,12 month-ending,01/31/2019,,"29,190",,Data counts between 1-9 have been suppressed in accordance with NCHS confidentiality standards.
01/12/2025,United States,Race and Hispanic origin,"American Indian or Alaska Native, Non-Hispanic",2019,2,12 month-ending,02/28/2019,,"29,142",,Data counts between 1-9 have been suppressed in accordance with NCHS confidentiality standards.
01/12/2025,United States,Race and Hispanic origin,"American Indian or Alaska Native, Non-Hispanic",2019,3,12 month-ending,03/31/2019,,"29,020",,Data counts between 1-9 have been suppressed in accordance with NCHS confidentiality standards.
01/12/2025,United States,Race and Hispanic origin,"American Indian or Alaska Native, Non-Hispanic",2019,4,12 month-ending,04/30/2019,,"29,173",,Data counts between 1-9 have been suppressed in accordance with NCHS confidentiality standards.
01/12/2025,United States,Race and Hispanic origin,"American Indian or Alaska Native, Non-Hispanic",2019,5,12 month-ending,05/31/2019,12,"29,194",,Rates for deaths counts <20 are unreliable.
01/12/2025,United States,Race and Hispanic origin,"American Indian or Alaska Native, Non-Hispanic",2019,6,12 month-ending,06/30/2019,11,"29,067",,Rates for deaths counts <20 are unreliable.
01/12/2025,United States,Race and Hispanic origin,"American Indian or Alaska Native, Non-Hispanic",2019,7,12 month-ending,07/31/2019,12,"28,996",,Rates for deaths counts <20 are unreliable.
01/12/2025,United States,Race and Hispanic origin,"American Indian or Alaska Native, Non-Hispanic",2019,8,12 month-ending,08/31/2019,14,"28,777",,Rates for deaths counts <20 are unreliable.
01/12/2025,United States,Race and Hispanic origin,"American Indian or Alaska Native, Non-Hispanic",2019,9,12 month-ending,09/30/2019,16,"28,807",,Rates for deaths counts <20 are unreliable.
01/12/2025,United States,Race and Hispanic origin,"American Indian or Alaska Native, Non-Hispanic",2019,10,12 month-ending,10/31/2019,15,"28,680",,Rates for deaths counts <20 are unreliable.
01/12/2025,United States,Race and Hispanic origin,"American Indian or Alaska Native, Non-Hispanic",2019,11,12 month-ending,11/30/2019,14,"28,472",,Rates for deaths counts <20 are unreliable.
01/12/2025,United States,Race and Hispanic origin,"American Indian or Alaska Native, Non-Hispanic",2019,12,12 month-ending,12/31/2019,14,"28,450",,Rates for deaths counts <20 are unreliable.
01/12/2025,United States,Race and Hispanic origin,"American Indian or Alaska Native, Non-Hispanic",2020,1,12 month-ending,01/31/2020,14,"28,217",,Rates for deaths counts <20 are unreliable.
01/12/2025,United States,Race and Hispanic origin,"American Indian or Alaska Native, Non-Hispanic",2020,2,12 month-ending,02/29/2020,14,"28,083",,Rates for deaths counts <20 are unreliable.
01/12/2025,United States,Race and Hispanic origin,"American Indian or Alaska Native, Non-Hispanic",2020,3,12 month-ending,03/31/2020,15,"27,964",,Rates for deaths counts <20 are unreliable.
01/12/2025,United States,Race and Hispanic origin,"American Indian or Alaska Native, Non-Hispanic",2020,4,12 month-ending,04/30/2020,16,"27,866",,Rates for deaths counts <20 are unreliable.
01/12/2025,United States,Race and Hispanic origin,"American Indian or Alaska Native, Non-Hispanic",2020,5,12 month-ending,05/31/2020,13,"27,724",,Rates for deaths counts <20 are unreliable.
01/12/2025,United States,Race and Hispanic origin,"American Indian or Alaska Native, Non-Hispanic",2020,6,12 month-ending,06/30/2020,15,"27,671",,Rates for deaths counts <20 are unreliable.
01/12/2025,United States,Race and Hispanic origin,"American Indian or Alaska Native, Non-Hispanic",2020,7,12 month-ending,07/31/2020,15,"27,570",,Rates for deaths counts <20 are unreliable.
01/12/2025,United States,Race and Hispanic origin,"American Indian or Alaska Native, Non-Hispanic",2020,8,12 month-ending,08/31/2020,13,"27,469",,Rates for deaths counts <20 are unreliable.
01/12/2025,United States,Race and Hispanic origin,"American Indian or Alaska Native, Non-Hispanic",2020,9,12 month-ending,09/30/2020,12,"27,338",,Rates for deaths counts <20 are unreliable.
01/12/2025,United States,Race and Hispanic origin,"American Indian or Alaska Native, Non-Hispanic",2020,10,12 month-ending,10/31/2020,12,"27,194",,Rates for deaths counts <20 are unreliable.
01/12/2025,United States,Race and Hispanic origin,"American Indian or Alaska Native, Non-Hispanic",2020,11,12 month-ending,11/30/2020,13,"27,029",,Rates for deaths counts <20 are unreliable.
01/12/2025,United States,Race and Hispanic origin,"American Indian or Alaska Native, Non-Hispanic",2020,12,12 month-ending,12/31/2020,13,"26,813",,Rates for deaths counts <20 are unreliable.
01/12/2025,United States,Race and Hispanic origin,"American Indian or Alaska Native, Non-Hispanic",2021,1,12 month-ending,01/31/2021,17,"26,657",,Rates for deaths counts <20 are unreliable.
01/12/2025,United States,Race and Hispanic origin,"American Indian or Alaska Native, Non-Hispanic",2021,2,12 month-ending,02/28/2021,18,"26,541",,Rates for deaths counts <20 are unreliable.
01/12/2025,United States,Race and Hispanic origin,"American Indian or Alaska Native, Non-Hispanic",2021,3,12 month-ending,03/31/2021,17,"26,512",,Rates for deaths counts <20 are unreliable.
01/12/2025,United States,Race and Hispanic origin,"American Indian or Alaska Native, Non-Hispanic",2021,4,12 month-ending,04/30/2021,16,"26,439",,Rates for deaths counts <20 are unreliable.
01/12/2025,United States,Race and Hispanic origin,"American Indian or Alaska Native, Non-Hispanic",2021,5,12 month-ending,05/31/2021,19,"26,247",,Rates for deaths counts <20 are unreliable.
01/12/2025,United States,Race and Hispanic origin,"American Indian or Alaska Native, Non-Hispanic",2021,6,12 month-ending,06/30/2021,18,"26,255",,Rates for deaths counts <20 are unreliable.
01/12/2025,United States,Race and Hispanic origin,"American Indian or Alaska Native, Non-Hispanic",2021,7,12 month-ending,07/31/2021,21,"26,182",80.2,
01/12/2025,United States,Race and Hispanic origin,"American Indian or Alaska Native, Non-Hispanic",2021,8,12 month-ending,08/31/2021,24,"26,075",92,
01/12/2025,United States,Race and Hispanic origin,"American Indian or Alaska Native, Non-Hispanic",2021,9,12 month-ending,09/30/2021,25,"26,078",95.9,
01/12/2025,United States,Race and Hispanic origin,"American Indian or Alaska Native, Non-Hispanic",2021,10,12 month-ending,10/31/2021,24,"26,068",92.1,
01/12/2025,United States,Race and Hispanic origin,"American Indian or Alaska Native, Non-Hispanic",2021,11,12 month-ending,11/30/2021,25,"26,101",95.8,
01/12/2025,United States,Race and Hispanic origin,"American Indian or Alaska Native, Non-Hispanic",2021,12,12 month-ending,12/31/2021,31,"26,124",118.7,
01/12/2025,United States,Race and Hispanic origin,"American Indian or Alaska Native, Non-Hispanic",2022,1,12 month-ending,01/31/2022,29,"26,168",110.8,
01/12/2025,United States,Race and Hispanic origin,"American Indian or Alaska Native, Non-Hispanic",2022,2,12 month-ending,02/28/2022,27,"26,173",103.2,
01/12/2025,United States,Race and Hispanic origin,"American Indian or Alaska Native, Non-Hispanic",2022,3,12 month-ending,03/31/2022,26,"26,170",99.4,
01/12/2025,United States,Race and Hispanic origin,"American Indian or Alaska Native, Non-Hispanic",2022,4,12 month-ending,04/30/2022,26,"25,945",100.2,
01/12/2025,United States,Race and Hispanic origin,"American Indian or Alaska Native, Non-Hispanic",2022,5,12 month-ending,05/31/2022,24,"25,971",92.4,
01/12/2025,United States,Race and Hispanic origin,"American Indian or Alaska Native, Non-Hispanic",2022,6,12 month-ending,06/30/2022,24,"25,858",92.8,
01/12/2025,United States,Race and Hispanic origin,"American Indian or Alaska Native, Non-Hispanic",2022,7,12 month-ending,07/31/2022,23,"25,812",89.1,
01/12/2025,United States,Race and Hispanic origin,"American Indian or Alaska Native, Non-Hispanic",2022,8,12 month-ending,08/31/2022,20,"25,776",77.6,
01/12/2025,United States,Race and Hispanic origin,"American Indian or Alaska Native, Non-Hispanic",2022,9,12 month-ending,09/30/2022,19,"25,593",,Rates for deaths counts <20 are unreliable.
01/12/2025,United States,Race and Hispanic origin,"American Indian or Alaska Native, Non-Hispanic",2022,10,12 month-ending,10/31/2022,19,"25,514",,Rates for deaths counts <20 are unreliable.
01/12/2025,United States,Race and Hispanic origin,"American Indian or Alaska Native, Non-Hispanic",2022,11,12 month-ending,11/30/2022,17,"25,659",,Rates for deaths counts <20 are unreliable.
01/12/2025,United States,Race and Hispanic origin,"American Indian or Alaska Native, Non-Hispanic",2022,12,12 month-ending,12/31/2022,12,"25,721",,Rates for deaths counts <20 are unreliable.
01/12/2025,United States,Race and Hispanic origin,"American Indian or Alaska Native, Non-Hispanic",2023,1,12 month-ending,01/31/2023,10,"25,762",,Rates for deaths counts <20 are unreliable.
01/12/2025,United States,Race and Hispanic origin,"American Indian or Alaska Native, Non-Hispanic",2023,2,12 month-ending,02/28/2023,10,"25,677",,Rates for deaths counts <20 are unreliable.
01/12/2025,United States,Race and Hispanic origin,"American Indian or Alaska Native, Non-Hispanic",2023,3,12 month-ending,03/31/2023,13,"25,558",,Rates for deaths counts <20 are unreliable.
01/12/2025,United States,Race and Hispanic origin,"American Indian or Alaska Native, Non-Hispanic",2023,4,12 month-ending,04/30/2023,13,"25,546",,Rates for deaths counts <20 are unreliable.
01/12/2025,United States,Race and Hispanic origin,"American Indian or Alaska Native, Non-Hispanic",2023,5,12 month-ending,05/31/2023,12,"25,483",,Rates for deaths counts <20 are unreliable.
01/12/2025,United States,Race and Hispanic origin,"American Indian or Alaska Native, Non-Hispanic",2023,6,12 month-ending,06/30/2023,12,"25,326",,Rates for deaths counts <20 are unreliable.
01/12/2025,United States,Race and Hispanic origin,"American Indian or Alaska Native, Non-Hispanic",2023,7,12 month-ending,07/31/2023,,"25,147",,Data counts between 1-9 have been suppressed in accordance with NCHS confidentiality standards.
01/12/2025,United States,Race and Hispanic origin,"American Indian or Alaska Native, Non-Hispanic",2023,8,12 month-ending,08/31/2023,,"24,970",,Data counts between 1-9 have been suppressed in accordance with NCHS confidentiality standards.
01/12/2025,United States,Race and Hispanic origin,"American Indian or Alaska Native, Non-Hispanic",2023,9,12 month-ending,09/30/2023,,"24,910",,Data counts between 1-9 have been suppressed in accordance with NCHS confidentiality standards.
01/12/2025,United States,Race and Hispanic origin,"American Indian or Alaska Native, Non-Hispanic",2023,10,12 month-ending,10/31/2023,10,"24,850",,Rates for deaths counts <20 are unreliable.
01/12/2025,United States,Race and Hispanic origin,"American Indian or Alaska Native, Non-Hispanic",2023,11,12 month-ending,11/30/2023,10,"24,752",,Rates for deaths counts <20 are unreliable.
01/12/2025,United States,Race and Hispanic origin,"American Indian or Alaska Native, Non-Hispanic",2023,12,12 month-ending,12/31/2023,10,"24,571",,Rates for deaths counts <20 are unreliable.
01/12/2025,United States,Race and Hispanic origin,"American Indian or Alaska Native, Non-Hispanic",2024,1,12 month-ending,01/31/2024,11,"24,390",,Rates for deaths counts <20 are unreliable.
01/12/2025,United States,Race and Hispanic origin,"American Indian or Alaska Native, Non-Hispanic",2024,2,12 month-ending,02/29/2024,11,"24,494",,Rates for deaths counts <20 are unreliable.
01/12/2025,United States,Race and Hispanic origin,"American Indian or Alaska Native, Non-Hispanic",2024,3,12 month-ending,03/31/2024,11,"24,487",,Rates for deaths counts <20 are unreliable.
01/12/2025,United States,Race and Hispanic origin,"American Indian or Alaska Native, Non-Hispanic",2024,4,12 month-ending,04/30/2024,12,"24,473",,Rates for deaths counts <20 are unreliable.
01/12/2025,United States,Race and Hispanic origin,"American Indian or Alaska Native, Non-Hispanic",2024,5,12 month-ending,05/31/2024,12,"24,407",,Rates for deaths counts <20 are unreliable.
01/12/2025,United States,Race and Hispanic origin,"American Indian or Alaska Native, Non-Hispanic",2024,6,12 month-ending,06/30/2024,11,"24,372",,Rates for deaths counts <20 are unreliable.
01/12/2025,United States,Race and Hispanic origin,"American Indian or Alaska Native, Non-Hispanic",2024,7,12 month-ending,07/31/2024,11,"24,298",,Rates for deaths counts <20 are unreliable.
01/12/2025,United States,Race and Hispanic origin,"American Indian or Alaska Native, Non-Hispanic",2024,8,12 month-ending,08/31/2024,11,"24,395",,Rates for deaths counts <20 are unreliable.
01/12/2025,United States,Race and Hispanic origin,"American Indian or Alaska Native, Non-Hispanic",2024,9,12 month-ending,09/30/2024,10,"24,315",,Rates for deaths counts <20 are unreliable.
01/12/2025,United States,Race and Hispanic origin,"Asian, Non-Hispanic",2019,1,12 month-ending,01/31/2019,33,"239,787",13.8,
01/12/2025,United States,Race and Hispanic origin,"Asian, Non-Hispanic",2019,2,12 month-ending,02/28/2019,30,"239,619",12.5,
01/12/2025,United States,Race and Hispanic origin,"Asian, Non-Hispanic",2019,3,12 month-ending,03/31/2019,30,"239,116",12.5,
01/12/2025,United States,Race and Hispanic origin,"Asian, Non-Hispanic",2019,4,12 month-ending,04/30/2019,33,"239,023",13.8,
01/12/2025,United States,Race and Hispanic origin,"Asian, Non-Hispanic",2019,5,12 month-ending,05/31/2019,33,"238,550",13.8,
01/12/2025,United States,Race and Hispanic origin,"Asian, Non-Hispanic",2019,6,12 month-ending,06/30/2019,36,"238,251",15.1,
01/12/2025,United States,Race and Hispanic origin,"Asian, Non-Hispanic",2019,7,12 month-ending,07/31/2019,42,"238,472",17.6,
01/12/2025,United States,Race and Hispanic origin,"Asian, Non-Hispanic",2019,8,12 month-ending,08/31/2019,40,"238,444",16.8,
01/12/2025,United States,Race and Hispanic origin,"Asian, Non-Hispanic",2019,9,12 month-ending,09/30/2019,37,"238,270",15.5,
01/12/2025,United States,Race and Hispanic origin,"Asian, Non-Hispanic",2019,10,12 month-ending,10/31/2019,39,"238,837",16.3,
01/12/2025,United States,Race and Hispanic origin,"Asian, Non-Hispanic",2019,11,12 month-ending,11/30/2019,36,"238,565",15.1,
01/12/2025,United States,Race and Hispanic origin,"Asian, Non-Hispanic",2019,12,12 month-ending,12/31/2019,33,"238,769",13.8,
01/12/2025,United States,Race and Hispanic origin,"Asian, Non-Hispanic",2020,1,12 month-ending,01/31/2020,32,"238,444",13.4,
01/12/2025,United States,Race and Hispanic origin,"Asian, Non-Hispanic",2020,2,12 month-ending,02/29/2020,30,"238,147",12.6,
01/12/2025,United States,Race and Hispanic origin,"Asian, Non-Hispanic",2020,3,12 month-ending,03/31/2020,27,"237,505",11.4,
01/12/2025,United States,Race and Hispanic origin,"Asian, Non-Hispanic",2020,4,12 month-ending,04/30/2020,25,"236,230",10.6,
01/12/2025,United States,Race and Hispanic origin,"Asian, Non-Hispanic",2020,5,12 month-ending,05/31/2020,30,"234,758",12.8,
01/12/2025,United States,Race and Hispanic origin,"Asian, Non-Hispanic",2020,6,12 month-ending,06/30/2020,30,"233,291",12.9,
01/12/2025,United States,Race and Hispanic origin,"Asian, Non-Hispanic",2020,7,12 month-ending,07/31/2020,26,"231,814",11.2,
01/12/2025,United States,Race and Hispanic origin,"Asian, Non-Hispanic",2020,8,12 month-ending,08/31/2020,27,"229,563",11.8,
01/12/2025,United States,Race and Hispanic origin,"Asian, Non-Hispanic",2020,9,12 month-ending,09/30/2020,28,"227,925",12.3,
01/12/2025,United States,Race and Hispanic origin,"Asian, Non-Hispanic",2020,10,12 month-ending,10/31/2020,28,"225,327",12.4,
01/12/2025,United States,Race and Hispanic origin,"Asian, Non-Hispanic",2020,11,12 month-ending,11/30/2020,29,"222,797",13,
01/12/2025,United States,Race and Hispanic origin,"Asian, Non-Hispanic",2020,12,12 month-ending,12/31/2020,27,"219,068",12.3,
01/12/2025,United States,Race and Hispanic origin,"Asian, Non-Hispanic",2021,1,12 month-ending,01/31/2021,29,"215,424",13.5,
01/12/2025,United States,Race and Hispanic origin,"Asian, Non-Hispanic",2021,2,12 month-ending,02/28/2021,30,"213,165",14.1,
01/12/2025,United States,Race and Hispanic origin,"Asian, Non-Hispanic",2021,3,12 month-ending,03/31/2021,31,"211,927",14.6,
01/12/2025,United States,Race and Hispanic origin,"Asian, Non-Hispanic",2021,4,12 month-ending,04/30/2021,30,"211,463",14.2,
01/12/2025,United States,Race and Hispanic origin,"Asian, Non-Hispanic",2021,5,12 month-ending,05/31/2021,28,"210,376",13.3,
01/12/2025,United States,Race and Hispanic origin,"Asian, Non-Hispanic",2021,6,12 month-ending,06/30/2021,27,"210,739",12.8,
01/12/2025,United States,Race and Hispanic origin,"Asian, Non-Hispanic",2021,7,12 month-ending,07/31/2021,25,"210,446",11.9,
01/12/2025,United States,Race and Hispanic origin,"Asian, Non-Hispanic",2021,8,12 month-ending,08/31/2021,28,"210,732",13.3,
01/12/2025,United States,Race and Hispanic origin,"Asian, Non-Hispanic",2021,9,12 month-ending,09/30/2021,30,"210,980",14.2,
01/12/2025,United States,Race and Hispanic origin,"Asian, Non-Hispanic",2021,10,12 month-ending,10/31/2021,30,"211,062",14.2,
01/12/2025,United States,Race and Hispanic origin,"Asian, Non-Hispanic",2021,11,12 month-ending,11/30/2021,28,"211,966",13.2,
01/12/2025,United States,Race and Hispanic origin,"Asian, Non-Hispanic",2021,12,12 month-ending,12/31/2021,36,"213,813",16.8,
01/12/2025,United States,Race and Hispanic origin,"Asian, Non-Hispanic",2022,1,12 month-ending,01/31/2022,41,"215,574",19,
01/12/2025,United States,Race and Hispanic origin,"Asian, Non-Hispanic",2022,2,12 month-ending,02/28/2022,42,"216,715",19.4,
01/12/2025,United States,Race and Hispanic origin,"Asian, Non-Hispanic",2022,3,12 month-ending,03/31/2022,43,"217,264",19.8,
01/12/2025,United States,Race and Hispanic origin,"Asian, Non-Hispanic",2022,4,12 month-ending,04/30/2022,43,"217,629",19.8,
01/12/2025,United States,Race and Hispanic origin,"Asian, Non-Hispanic",2022,5,12 month-ending,05/31/2022,42,"218,588",19.2,
01/12/2025,United States,Race and Hispanic origin,"Asian, Non-Hispanic",2022,6,12 month-ending,06/30/2022,39,"218,386",17.9,
01/12/2025,United States,Race and Hispanic origin,"Asian, Non-Hispanic",2022,7,12 month-ending,07/31/2022,39,"218,255",17.9,
01/12/2025,United States,Race and Hispanic origin,"Asian, Non-Hispanic",2022,8,12 month-ending,08/31/2022,36,"218,541",16.5,
01/12/2025,United States,Race and Hispanic origin,"Asian, Non-Hispanic",2022,9,12 month-ending,09/30/2022,34,"218,405",15.6,
01/12/2025,United States,Race and Hispanic origin,"Asian, Non-Hispanic",2022,10,12 month-ending,10/31/2022,34,"218,194",15.6,
01/12/2025,United States,Race and Hispanic origin,"Asian, Non-Hispanic",2022,11,12 month-ending,11/30/2022,35,"218,582",16,
01/12/2025,United States,Race and Hispanic origin,"Asian, Non-Hispanic",2022,12,12 month-ending,12/31/2022,29,"218,994",13.2,
01/12/2025,United States,Race and Hispanic origin,"Asian, Non-Hispanic",2023,1,12 month-ending,01/31/2023,23,"219,472",10.5,
01/12/2025,United States,Race and Hispanic origin,"Asian, Non-Hispanic",2023,2,12 month-ending,02/28/2023,22,"218,984",10,
01/12/2025,United States,Race and Hispanic origin,"Asian, Non-Hispanic",2023,3,12 month-ending,03/31/2023,20,"218,594",9.1,
01/12/2025,United States,Race and Hispanic origin,"Asian, Non-Hispanic",2023,4,12 month-ending,04/30/2023,23,"217,879",10.6,
01/12/2025,United States,Race and Hispanic origin,"Asian, Non-Hispanic",2023,5,12 month-ending,05/31/2023,21,"217,336",9.7,
01/12/2025,United States,Race and Hispanic origin,"Asian, Non-Hispanic",2023,6,12 month-ending,06/30/2023,22,"217,411",10.1,
01/12/2025,United States,Race and Hispanic origin,"Asian, Non-Hispanic",2023,7,12 month-ending,07/31/2023,25,"217,011",11.5,
01/12/2025,United States,Race and Hispanic origin,"Asian, Non-Hispanic",2023,8,12 month-ending,08/31/2023,24,"216,558",11.1,
01/12/2025,United States,Race and Hispanic origin,"Asian, Non-Hispanic",2023,9,12 month-ending,09/30/2023,22,"216,260",10.2,
01/12/2025,United States,Race and Hispanic origin,"Asian, Non-Hispanic",2023,10,12 month-ending,10/31/2023,22,"216,760",10.1,
01/12/2025,United States,Race and Hispanic origin,"Asian, Non-Hispanic",2023,11,12 month-ending,11/30/2023,22,"216,451",10.2,
01/12/2025,United States,Race and Hispanic origin,"Asian, Non-Hispanic",2023,12,12 month-ending,12/31/2023,23,"215,738",10.7,
01/12/2025,United States,Race and Hispanic origin,"Asian, Non-Hispanic",2024,1,12 month-ending,01/31/2024,26,"216,128",12,
01/12/2025,United States,Race and Hispanic origin,"Asian, Non-Hispanic",2024,2,12 month-ending,02/29/2024,28,"217,393",12.9,
01/12/2025,United States,Race and Hispanic origin,"Asian, Non-Hispanic",2024,3,12 month-ending,03/31/2024,31,"217,998",14.2,
01/12/2025,United States,Race and Hispanic origin,"Asian, Non-Hispanic",2024,4,12 month-ending,04/30/2024,31,"218,799",14.2,
01/12/2025,United States,Race and Hispanic origin,"Asian, Non-Hispanic",2024,5,12 month-ending,05/31/2024,32,"219,723",14.6,
01/12/2025,United States,Race and Hispanic origin,"Asian, Non-Hispanic",2024,6,12 month-ending,06/30/2024,32,"219,512",14.6,
01/12/2025,United States,Race and Hispanic origin,"Asian, Non-Hispanic",2024,7,12 month-ending,07/31/2024,32,"220,641",14.5,
01/12/2025,United States,Race and Hispanic origin,"Asian, Non-Hispanic",2024,8,12 month-ending,08/31/2024,32,"221,777",14.4,
01/12/2025,United States,Race and Hispanic origin,"Asian, Non-Hispanic",2024,9,12 month-ending,09/30/2024,33,"222,792",14.8,
01/12/2025,United States,Race and Hispanic origin,"Black, Non-Hispanic",2019,1,12 month-ending,01/31/2019,221,"551,756",40.1,
01/12/2025,United States,Race and Hispanic origin,"Black, Non-Hispanic",2019,2,12 month-ending,02/28/2019,221,"550,689",40.1,
01/12/2025,United States,Race and Hispanic origin,"Black, Non-Hispanic",2019,3,12 month-ending,03/31/2019,216,"548,352",39.4,
01/12/2025,United States,Race and Hispanic origin,"Black, Non-Hispanic",2019,4,12 month-ending,04/30/2019,210,"548,103",38.3,
01/12/2025,United States,Race and Hispanic origin,"Black, Non-Hispanic",2019,5,12 month-ending,05/31/2019,216,"547,589",39.4,
01/12/2025,United States,Race and Hispanic origin,"Black, Non-Hispanic",2019,6,12 month-ending,06/30/2019,224,"545,364",41.1,
01/12/2025,United States,Race and Hispanic origin,"Black, Non-Hispanic",2019,7,12 month-ending,07/31/2019,224,"546,548",41,
01/12/2025,United States,Race and Hispanic origin,"Black, Non-Hispanic",2019,8,12 month-ending,08/31/2019,232,"546,919",42.4,
01/12/2025,United States,Race and Hispanic origin,"Black, Non-Hispanic",2019,9,12 month-ending,09/30/2019,236,"547,830",43.1,
01/12/2025,United States,Race and Hispanic origin,"Black, Non-Hispanic",2019,10,12 month-ending,10/31/2019,235,"547,930",42.9,
01/12/2025,United States,Race and Hispanic origin,"Black, Non-Hispanic",2019,11,12 month-ending,11/30/2019,241,"547,528",44,
01/12/2025,United States,Race and Hispanic origin,"Black, Non-Hispanic",2019,12,12 month-ending,12/31/2019,241,"548,075",44,
01/12/2025,United States,Race and Hispanic origin,"Black, Non-Hispanic",2020,1,12 month-ending,01/31/2020,233,"546,945",42.6,
01/12/2025,United States,Race and Hispanic origin,"Black, Non-Hispanic",2020,2,12 month-ending,02/29/2020,229,"547,485",41.8,
01/12/2025,United States,Race and Hispanic origin,"Black, Non-Hispanic",2020,3,12 month-ending,03/31/2020,243,"547,493",44.4,
01/12/2025,United States,Race and Hispanic origin,"Black, Non-Hispanic",2020,4,12 month-ending,04/30/2020,262,"546,737",47.9,
01/12/2025,United States,Race and Hispanic origin,"Black, Non-Hispanic",2020,5,12 month-ending,05/31/2020,266,"545,152",48.8,
01/12/2025,United States,Race and Hispanic origin,"Black, Non-Hispanic",2020,6,12 month-ending,06/30/2020,264,"545,720",48.4,
01/12/2025,United States,Race and Hispanic origin,"Black, Non-Hispanic",2020,7,12 month-ending,07/31/2020,267,"544,025",49.1,
01/12/2025,United States,Race and Hispanic origin,"Black, Non-Hispanic",2020,8,12 month-ending,08/31/2020,262,"540,741",48.5,
01/12/2025,United States,Race and Hispanic origin,"Black, Non-Hispanic",2020,9,12 month-ending,09/30/2020,271,"538,342",50.3,
01/12/2025,United States,Race and Hispanic origin,"Black, Non-Hispanic",2020,10,12 month-ending,10/31/2020,280,"535,444",52.3,
01/12/2025,United States,Race and Hispanic origin,"Black, Non-Hispanic",2020,11,12 month-ending,11/30/2020,278,"532,744",52.2,
01/12/2025,United States,Race and Hispanic origin,"Black, Non-Hispanic",2020,12,12 month-ending,12/31/2020,293,"529,811",55.3,
01/12/2025,United States,Race and Hispanic origin,"Black, Non-Hispanic",2021,1,12 month-ending,01/31/2021,294,"524,803",56,
01/12/2025,United States,Race and Hispanic origin,"Black, Non-Hispanic",2021,2,12 month-ending,02/28/2021,300,"521,448",57.5,
01/12/2025,United States,Race and Hispanic origin,"Black, Non-Hispanic",2021,3,12 month-ending,03/31/2021,299,"519,918",57.5,
01/12/2025,United States,Race and Hispanic origin,"Black, Non-Hispanic",2021,4,12 month-ending,04/30/2021,296,"518,471",57.1,
01/12/2025,United States,Race and Hispanic origin,"Black, Non-Hispanic",2021,5,12 month-ending,05/31/2021,298,"516,581",57.7,
01/12/2025,United States,Race and Hispanic origin,"Black, Non-Hispanic",2021,6,12 month-ending,06/30/2021,302,"516,574",58.5,
01/12/2025,United States,Race and Hispanic origin,"Black, Non-Hispanic",2021,7,12 month-ending,07/31/2021,307,"516,192",59.5,
01/12/2025,United States,Race and Hispanic origin,"Black, Non-Hispanic",2021,8,12 month-ending,08/31/2021,329,"515,913",63.8,
01/12/2025,United States,Race and Hispanic origin,"Black, Non-Hispanic",2021,9,12 month-ending,09/30/2021,355,"516,778",68.7,
01/12/2025,United States,Race and Hispanic origin,"Black, Non-Hispanic",2021,10,12 month-ending,10/31/2021,363,"516,861",70.2,
01/12/2025,United States,Race and Hispanic origin,"Black, Non-Hispanic",2021,11,12 month-ending,11/30/2021,359,"517,117",69.4,
01/12/2025,United States,Race and Hispanic origin,"Black, Non-Hispanic",2021,12,12 month-ending,12/31/2021,362,"517,889",69.9,
01/12/2025,United States,Race and Hispanic origin,"Black, Non-Hispanic",2022,1,12 month-ending,01/31/2022,374,"519,334",72,
01/12/2025,United States,Race and Hispanic origin,"Black, Non-Hispanic",2022,2,12 month-ending,02/28/2022,378,"519,970",72.7,
01/12/2025,United States,Race and Hispanic origin,"Black, Non-Hispanic",2022,3,12 month-ending,03/31/2022,365,"520,923",70.1,
01/12/2025,United States,Race and Hispanic origin,"Black, Non-Hispanic",2022,4,12 month-ending,04/30/2022,356,"520,610",68.4,
01/12/2025,United States,Race and Hispanic origin,"Black, Non-Hispanic",2022,5,12 month-ending,05/31/2022,346,"519,449",66.6,
01/12/2025,United States,Race and Hispanic origin,"Black, Non-Hispanic",2022,6,12 month-ending,06/30/2022,340,"517,957",65.6,
01/12/2025,United States,Race and Hispanic origin,"Black, Non-Hispanic",2022,7,12 month-ending,07/31/2022,332,"516,469",64.3,
01/12/2025,United States,Race and Hispanic origin,"Black, Non-Hispanic",2022,8,12 month-ending,08/31/2022,307,"516,914",59.4,
01/12/2025,United States,Race and Hispanic origin,"Black, Non-Hispanic",2022,9,12 month-ending,09/30/2022,275,"513,223",53.6,
01/12/2025,United States,Race and Hispanic origin,"Black, Non-Hispanic",2022,10,12 month-ending,10/31/2022,265,"510,428",51.9,
01/12/2025,United States,Race and Hispanic origin,"Black, Non-Hispanic",2022,11,12 month-ending,11/30/2022,270,"511,342",52.8,
01/12/2025,United States,Race and Hispanic origin,"Black, Non-Hispanic",2022,12,12 month-ending,12/31/2022,253,"511,439",49.5,
01/12/2025,United States,Race and Hispanic origin,"Black, Non-Hispanic",2023,1,12 month-ending,01/31/2023,243,"512,189",47.4,
01/12/2025,United States,Race and Hispanic origin,"Black, Non-Hispanic",2023,2,12 month-ending,02/28/2023,245,"511,531",47.9,
01/12/2025,United States,Race and Hispanic origin,"Black, Non-Hispanic",2023,3,12 month-ending,03/31/2023,261,"509,746",51.2,
01/12/2025,United States,Race and Hispanic origin,"Black, Non-Hispanic",2023,4,12 month-ending,04/30/2023,261,"507,455",51.4,
01/12/2025,United States,Race and Hispanic origin,"Black, Non-Hispanic",2023,5,12 month-ending,05/31/2023,250,"507,048",49.3,
01/12/2025,United States,Race and Hispanic origin,"Black, Non-Hispanic",2023,6,12 month-ending,06/30/2023,250,"506,023",49.4,
01/12/2025,United States,Race and Hispanic origin,"Black, Non-Hispanic",2023,7,12 month-ending,07/31/2023,254,"503,580",50.4,
01/12/2025,United States,Race and Hispanic origin,"Black, Non-Hispanic",2023,8,12 month-ending,08/31/2023,242,"499,974",48.4,
01/12/2025,United States,Race and Hispanic origin,"Black, Non-Hispanic",2023,9,12 month-ending,09/30/2023,241,"498,838",48.3,
01/12/2025,United States,Race and Hispanic origin,"Black, Non-Hispanic",2023,10,12 month-ending,10/31/2023,235,"498,527",47.1,
01/12/2025,United States,Race and Hispanic origin,"Black, Non-Hispanic",2023,11,12 month-ending,11/30/2023,240,"495,373",48.4,
01/12/2025,United States,Race and Hispanic origin,"Black, Non-Hispanic",2023,12,12 month-ending,12/31/2023,247,"491,494",50.3,
01/12/2025,United States,Race and Hispanic origin,"Black, Non-Hispanic",2024,1,12 month-ending,01/31/2024,244,"488,326",50,
01/12/2025,United States,Race and Hispanic origin,"Black, Non-Hispanic",2024,2,12 month-ending,02/29/2024,236,"487,542",48.4,
01/12/2025,United States,Race and Hispanic origin,"Black, Non-Hispanic",2024,3,12 month-ending,03/31/2024,227,"485,536",46.8,
01/12/2025,United States,Race and Hispanic origin,"Black, Non-Hispanic",2024,4,12 month-ending,04/30/2024,225,"484,733",46.4,
01/12/2025,United States,Race and Hispanic origin,"Black, Non-Hispanic",2024,5,12 month-ending,05/31/2024,243,"483,766",50.2,
01/12/2025,United States,Race and Hispanic origin,"Black, Non-Hispanic",2024,6,12 month-ending,06/30/2024,243,"480,669",50.6,
01/12/2025,United States,Race and Hispanic origin,"Black, Non-Hispanic",2024,7,12 month-ending,07/31/2024,241,"480,243",50.2,
01/12/2025,United States,Race and Hispanic origin,"Black, Non-Hispanic",2024,8,12 month-ending,08/31/2024,244,"479,067",50.9,
01/12/2025,United States,Race and Hispanic origin,"Black, Non-Hispanic",2024,9,12 month-ending,09/30/2024,241,"477,515",50.5,
01/12/2025,United States,Race and Hispanic origin,"Native Hawaiian or Other Pacific Islander, Non-Hispanic",2019,1,12 month-ending,01/31/2019,,"9,476",,Data counts between 1-9 have been suppressed in accordance with NCHS confidentiality standards.
01/12/2025,United States,Race and Hispanic origin,"Native Hawaiian or Other Pacific Islander, Non-Hispanic",2019,2,12 month-ending,02/28/2019,,"9,552",,Data counts between 1-9 have been suppressed in accordance with NCHS confidentiality standards.
01/12/2025,United States,Race and Hispanic origin,"Native Hawaiian or Other Pacific Islander, Non-Hispanic",2019,3,12 month-ending,03/31/2019,,"9,556",,Data counts between 1-9 have been suppressed in accordance with NCHS confidentiality standards.
01/12/2025,United States,Race and Hispanic origin,"Native Hawaiian or Other Pacific Islander, Non-Hispanic",2019,4,12 month-ending,04/30/2019,,"9,508",,Data counts between 1-9 have been suppressed in accordance with NCHS confidentiality standards.
01/12/2025,United States,Race and Hispanic origin,"Native Hawaiian or Other Pacific Islander, Non-Hispanic",2019,5,12 month-ending,05/31/2019,,"9,559",,Data counts between 1-9 have been suppressed in accordance with NCHS confidentiality standards.
01/12/2025,United States,Race and Hispanic origin,"Native Hawaiian or Other Pacific Islander, Non-Hispanic",2019,6,12 month-ending,06/30/2019,,"9,524",,Data counts between 1-9 have been suppressed in accordance with NCHS confidentiality standards.
01/12/2025,United States,Race and Hispanic origin,"Native Hawaiian or Other Pacific Islander, Non-Hispanic",2019,7,12 month-ending,07/31/2019,,"9,564",,Data counts between 1-9 have been suppressed in accordance with NCHS confidentiality standards.
01/12/2025,United States,Race and Hispanic origin,"Native Hawaiian or Other Pacific Islander, Non-Hispanic",2019,8,12 month-ending,08/31/2019,,"9,613",,Data counts between 1-9 have been suppressed in accordance with NCHS confidentiality standards.
01/12/2025,United States,Race and Hispanic origin,"Native Hawaiian or Other Pacific Islander, Non-Hispanic",2019,9,12 month-ending,09/30/2019,,"9,623",,Data counts between 1-9 have been suppressed in accordance with NCHS confidentiality standards.
01/12/2025,United States,Race and Hispanic origin,"Native Hawaiian or Other Pacific Islander, Non-Hispanic",2019,10,12 month-ending,10/31/2019,,"9,681",,Data counts between 1-9 have been suppressed in accordance with NCHS confidentiality standards.
01/12/2025,United States,Race and Hispanic origin,"Native Hawaiian or Other Pacific Islander, Non-Hispanic",2019,11,12 month-ending,11/30/2019,,"9,672",,Data counts between 1-9 have been suppressed in accordance with NCHS confidentiality standards.
01/12/2025,United States,Race and Hispanic origin,"Native Hawaiian or Other Pacific Islander, Non-Hispanic",2019,12,12 month-ending,12/31/2019,,"9,770",,Data counts between 1-9 have been suppressed in accordance with NCHS confidentiality standards.
01/12/2025,United States,Race and Hispanic origin,"Native Hawaiian or Other Pacific Islander, Non-Hispanic",2020,1,12 month-ending,01/31/2020,,"9,783",,Data counts between 1-9 have been suppressed in accordance with NCHS confidentiality standards.
01/12/2025,United States,Race and Hispanic origin,"Native Hawaiian or Other Pacific Islander, Non-Hispanic",2020,2,12 month-ending,02/29/2020,,"9,807",,Data counts between 1-9 have been suppressed in accordance with NCHS confidentiality standards.
01/12/2025,United States,Race and Hispanic origin,"Native Hawaiian or Other Pacific Islander, Non-Hispanic",2020,3,12 month-ending,03/31/2020,,"9,787",,Data counts between 1-9 have been suppressed in accordance with NCHS confidentiality standards.
01/12/2025,United States,Race and Hispanic origin,"Native Hawaiian or Other Pacific Islander, Non-Hispanic",2020,4,12 month-ending,04/30/2020,,"9,754",,Data counts between 1-9 have been suppressed in accordance with NCHS confidentiality standards.
01/12/2025,United States,Race and Hispanic origin,"Native Hawaiian or Other Pacific Islander, Non-Hispanic",2020,5,12 month-ending,05/31/2020,,"9,727",,Data counts between 1-9 have been suppressed in accordance with NCHS confidentiality standards.
01/12/2025,United States,Race and Hispanic origin,"Native Hawaiian or Other Pacific Islander, Non-Hispanic",2020,6,12 month-ending,06/30/2020,,"9,740",,Data counts between 1-9 have been suppressed in accordance with NCHS confidentiality standards.
01/12/2025,United States,Race and Hispanic origin,"Native Hawaiian or Other Pacific Islander, Non-Hispanic",2020,7,12 month-ending,07/31/2020,,"9,735",,Data counts between 1-9 have been suppressed in accordance with NCHS confidentiality standards.
01/12/2025,United States,Race and Hispanic origin,"Native Hawaiian or Other Pacific Islander, Non-Hispanic",2020,8,12 month-ending,08/31/2020,,"9,698",,Data counts between 1-9 have been suppressed in accordance with NCHS confidentiality standards.
01/12/2025,United States,Race and Hispanic origin,"Native Hawaiian or Other Pacific Islander, Non-Hispanic",2020,9,12 month-ending,09/30/2020,,"9,681",,Data counts between 1-9 have been suppressed in accordance with NCHS confidentiality standards.
01/12/2025,United States,Race and Hispanic origin,"Native Hawaiian or Other Pacific Islander, Non-Hispanic",2020,10,12 month-ending,10/31/2020,,"9,653",,Data counts between 1-9 have been suppressed in accordance with NCHS confidentiality standards.
01/12/2025,United States,Race and Hispanic origin,"Native Hawaiian or Other Pacific Islander, Non-Hispanic",2020,11,12 month-ending,11/30/2020,,"9,681",,Data counts between 1-9 have been suppressed in accordance with NCHS confidentiality standards.
01/12/2025,United States,Race and Hispanic origin,"Native Hawaiian or Other Pacific Islander, Non-Hispanic",2020,12,12 month-ending,12/31/2020,,"9,626",,Data counts between 1-9 have been suppressed in accordance with NCHS confidentiality standards.
01/12/2025,United States,Race and Hispanic origin,"Native Hawaiian or Other Pacific Islander, Non-Hispanic",2021,1,12 month-ending,01/31/2021,,"9,622",,Data counts between 1-9 have been suppressed in accordance with NCHS confidentiality standards.
01/12/2025,United States,Race and Hispanic origin,"Native Hawaiian or Other Pacific Islander, Non-Hispanic",2021,2,12 month-ending,02/28/2021,,"9,453",,Data counts between 1-9 have been suppressed in accordance with NCHS confidentiality standards.
01/12/2025,United States,Race and Hispanic origin,"Native Hawaiian or Other Pacific Islander, Non-Hispanic",2021,3,12 month-ending,03/31/2021,,"9,411",,Data counts between 1-9 have been suppressed in accordance with NCHS confidentiality standards.
01/12/2025,United States,Race and Hispanic origin,"Native Hawaiian or Other Pacific Islander, Non-Hispanic",2021,4,12 month-ending,04/30/2021,,"9,439",,Data counts between 1-9 have been suppressed in accordance with NCHS confidentiality standards.
01/12/2025,United States,Race and Hispanic origin,"Native Hawaiian or Other Pacific Islander, Non-Hispanic",2021,5,12 month-ending,05/31/2021,,"9,437",,Data counts between 1-9 have been suppressed in accordance with NCHS confidentiality standards.
01/12/2025,United States,Race and Hispanic origin,"Native Hawaiian or Other Pacific Islander, Non-Hispanic",2021,6,12 month-ending,06/30/2021,,"9,413",,Data counts between 1-9 have been suppressed in accordance with NCHS confidentiality standards.
01/12/2025,United States,Race and Hispanic origin,"Native Hawaiian or Other Pacific Islander, Non-Hispanic",2021,7,12 month-ending,07/31/2021,,"9,418",,Data counts between 1-9 have been suppressed in accordance with NCHS confidentiality standards.
01/12/2025,United States,Race and Hispanic origin,"Native Hawaiian or Other Pacific Islander, Non-Hispanic",2021,8,12 month-ending,08/31/2021,,"9,434",,Data counts between 1-9 have been suppressed in accordance with NCHS confidentiality standards.
01/12/2025,United States,Race and Hispanic origin,"Native Hawaiian or Other Pacific Islander, Non-Hispanic",2021,9,12 month-ending,09/30/2021,,"9,487",,Data counts between 1-9 have been suppressed in accordance with NCHS confidentiality standards.
01/12/2025,United States,Race and Hispanic origin,"Native Hawaiian or Other Pacific Islander, Non-Hispanic",2021,10,12 month-ending,10/31/2021,,"9,515",,Data counts between 1-9 have been suppressed in accordance with NCHS confidentiality standards.
01/12/2025,United States,Race and Hispanic origin,"Native Hawaiian or Other Pacific Islander, Non-Hispanic",2021,11,12 month-ending,11/30/2021,,"9,491",,Data counts between 1-9 have been suppressed in accordance with NCHS confidentiality standards.
01/12/2025,United States,Race and Hispanic origin,"Native Hawaiian or Other Pacific Islander, Non-Hispanic",2021,12,12 month-ending,12/31/2021,,"9,531",,Data counts between 1-9 have been suppressed in accordance with NCHS confidentiality standards.
01/12/2025,United States,Race and Hispanic origin,"Native Hawaiian or Other Pacific Islander, Non-Hispanic",2022,1,12 month-ending,01/31/2022,,"9,583",,Data counts between 1-9 have been suppressed in accordance with NCHS confidentiality standards.
01/12/2025,United States,Race and Hispanic origin,"Native Hawaiian or Other Pacific Islander, Non-Hispanic",2022,2,12 month-ending,02/28/2022,,"9,710",,Data counts between 1-9 have been suppressed in accordance with NCHS confidentiality standards.
01/12/2025,United States,Race and Hispanic origin,"Native Hawaiian or Other Pacific Islander, Non-Hispanic",2022,3,12 month-ending,03/31/2022,,"9,799",,Data counts between 1-9 have been suppressed in accordance with NCHS confidentiality standards.
01/12/2025,United States,Race and Hispanic origin,"Native Hawaiian or Other Pacific Islander, Non-Hispanic",2022,4,12 month-ending,04/30/2022,,"9,835",,Data counts between 1-9 have been suppressed in accordance with NCHS confidentiality standards.
01/12/2025,United States,Race and Hispanic origin,"Native Hawaiian or Other Pacific Islander, Non-Hispanic",2022,5,12 month-ending,05/31/2022,,"9,834",,Data counts between 1-9 have been suppressed in accordance with NCHS confidentiality standards.
01/12/2025,United States,Race and Hispanic origin,"Native Hawaiian or Other Pacific Islander, Non-Hispanic",2022,6,12 month-ending,06/30/2022,,"10,023",,Data counts between 1-9 have been suppressed in accordance with NCHS confidentiality standards.
01/12/2025,United States,Race and Hispanic origin,"Native Hawaiian or Other Pacific Islander, Non-Hispanic",2022,7,12 month-ending,07/31/2022,,"10,053",,Data counts between 1-9 have been suppressed in accordance with NCHS confidentiality standards.
01/12/2025,United States,Race and Hispanic origin,"Native Hawaiian or Other Pacific Islander, Non-Hispanic",2022,8,12 month-ending,08/31/2022,,"10,067",,Data counts between 1-9 have been suppressed in accordance with NCHS confidentiality standards.
01/12/2025,United States,Race and Hispanic origin,"Native Hawaiian or Other Pacific Islander, Non-Hispanic",2022,9,12 month-ending,09/30/2022,,"10,071",,Data counts between 1-9 have been suppressed in accordance with NCHS confidentiality standards.
01/12/2025,United States,Race and Hispanic origin,"Native Hawaiian or Other Pacific Islander, Non-Hispanic",2022,10,12 month-ending,10/31/2022,,"10,016",,Data counts between 1-9 have been suppressed in accordance with NCHS confidentiality standards.
01/12/2025,United States,Race and Hispanic origin,"Native Hawaiian or Other Pacific Islander, Non-Hispanic",2022,11,12 month-ending,11/30/2022,,"10,034",,Data counts between 1-9 have been suppressed in accordance with NCHS confidentiality standards.
01/12/2025,United States,Race and Hispanic origin,"Native Hawaiian or Other Pacific Islander, Non-Hispanic",2022,12,12 month-ending,12/31/2022,,"10,122",,Data counts between 1-9 have been suppressed in accordance with NCHS confidentiality standards.
01/12/2025,United States,Race and Hispanic origin,"Native Hawaiian or Other Pacific Islander, Non-Hispanic",2023,1,12 month-ending,01/31/2023,,"10,066",,Data counts between 1-9 have been suppressed in accordance with NCHS confidentiality standards.
01/12/2025,United States,Race and Hispanic origin,"Native Hawaiian or Other Pacific Islander, Non-Hispanic",2023,2,12 month-ending,02/28/2023,,"10,109",,Data counts between 1-9 have been suppressed in accordance with NCHS confidentiality standards.
01/12/2025,United States,Race and Hispanic origin,"Native Hawaiian or Other Pacific Islander, Non-Hispanic",2023,3,12 month-ending,03/31/2023,,"10,163",,Data counts between 1-9 have been suppressed in accordance with NCHS confidentiality standards.
01/12/2025,United States,Race and Hispanic origin,"Native Hawaiian or Other Pacific Islander, Non-Hispanic",2023,4,12 month-ending,04/30/2023,,"10,173",,Data counts between 1-9 have been suppressed in accordance with NCHS confidentiality standards.
01/12/2025,United States,Race and Hispanic origin,"Native Hawaiian or Other Pacific Islander, Non-Hispanic",2023,5,12 month-ending,05/31/2023,,"10,162",,Data counts between 1-9 have been suppressed in accordance with NCHS confidentiality standards.
01/12/2025,United States,Race and Hispanic origin,"Native Hawaiian or Other Pacific Islander, Non-Hispanic",2023,6,12 month-ending,06/30/2023,,"10,139",,Data counts between 1-9 have been suppressed in accordance with NCHS confidentiality standards.
01/12/2025,United States,Race and Hispanic origin,"Native Hawaiian or Other Pacific Islander, Non-Hispanic",2023,7,12 month-ending,07/31/2023,,"10,104",,Data counts between 1-9 have been suppressed in accordance with NCHS confidentiality standards.
01/12/2025,United States,Race and Hispanic origin,"Native Hawaiian or Other Pacific Islander, Non-Hispanic",2023,8,12 month-ending,08/31/2023,,"10,150",,Data counts between 1-9 have been suppressed in accordance with NCHS confidentiality standards.
01/12/2025,United States,Race and Hispanic origin,"Native Hawaiian or Other Pacific Islander, Non-Hispanic",2023,9,12 month-ending,09/30/2023,,"10,139",,Data counts between 1-9 have been suppressed in accordance with NCHS confidentiality standards.
01/12/2025,United States,Race and Hispanic origin,"Native Hawaiian or Other Pacific Islander, Non-Hispanic",2023,10,12 month-ending,10/31/2023,,"10,203",,Data counts between 1-9 have been suppressed in accordance with NCHS confidentiality standards.
01/12/2025,United States,Race and Hispanic origin,"Native Hawaiian or Other Pacific Islander, Non-Hispanic",2023,11,12 month-ending,11/30/2023,,"10,273",,Data counts between 1-9 have been suppressed in accordance with NCHS confidentiality standards.
01/12/2025,United States,Race and Hispanic origin,"Native Hawaiian or Other Pacific Islander, Non-Hispanic",2023,12,12 month-ending,12/31/2023,,"10,115",,Data counts between 1-9 have been suppressed in accordance with NCHS confidentiality standards.
01/12/2025,United States,Race and Hispanic origin,"Native Hawaiian or Other Pacific Islander, Non-Hispanic",2024,1,12 month-ending,01/31/2024,,"10,206",,Data counts between 1-9 have been suppressed in accordance with NCHS confidentiality standards.
01/12/2025,United States,Race and Hispanic origin,"Native Hawaiian or Other Pacific Islander, Non-Hispanic",2024,2,12 month-ending,02/29/2024,,"10,265",,Data counts between 1-9 have been suppressed in accordance with NCHS confidentiality standards.
01/12/2025,United States,Race and Hispanic origin,"Native Hawaiian or Other Pacific Islander, Non-Hispanic",2024,3,12 month-ending,03/31/2024,0,"10,150",0,
01/12/2025,United States,Race and Hispanic origin,"Native Hawaiian or Other Pacific Islander, Non-Hispanic",2024,4,12 month-ending,04/30/2024,0,"10,187",0,
01/12/2025,United States,Race and Hispanic origin,"Native Hawaiian or Other Pacific Islander, Non-Hispanic",2024,5,12 month-ending,05/31/2024,,"10,260",,Data counts between 1-9 have been suppressed in accordance with NCHS confidentiality standards.
01/12/2025,United States,Race and Hispanic origin,"Native Hawaiian or Other Pacific Islander, Non-Hispanic",2024,6,12 month-ending,06/30/2024,,"10,147",,Data counts between 1-9 have been suppressed in accordance with NCHS confidentiality standards.
01/12/2025,United States,Race and Hispanic origin,"Native Hawaiian or Other Pacific Islander, Non-Hispanic",2024,7,12 month-ending,07/31/2024,,"10,170",,Data counts between 1-9 have been suppressed in accordance with NCHS confidentiality standards.
01/12/2025,United States,Race and Hispanic origin,"Native Hawaiian or Other Pacific Islander, Non-Hispanic",2024,8,12 month-ending,08/31/2024,,"10,126",,Data counts between 1-9 have been suppressed in accordance with NCHS confidentiality standards.
01/12/2025,United States,Race and Hispanic origin,"Native Hawaiian or Other Pacific Islander, Non-Hispanic",2024,9,12 month-ending,09/30/2024,,"10,090",,Data counts between 1-9 have been suppressed in accordance with NCHS confidentiality standards.
01/12/2025,United States,Race and Hispanic origin,"White, Non-Hispanic",2019,1,12 month-ending,01/31/2019,292,"1,953,909",14.9,
01/12/2025,United States,Race and Hispanic origin,"White, Non-Hispanic",2019,2,12 month-ending,02/28/2019,287,"1,950,995",14.7,
01/12/2025,United States,Race and Hispanic origin,"White, Non-Hispanic",2019,3,12 month-ending,03/31/2019,299,"1,943,613",15.4,
01/12/2025,United States,Race and Hispanic origin,"White, Non-Hispanic",2019,4,12 month-ending,04/30/2019,306,"1,942,823",15.8,
01/12/2025,United States,Race and Hispanic origin,"White, Non-Hispanic",2019,5,12 month-ending,05/31/2019,328,"1,939,436",16.9,
01/12/2025,United States,Race and Hispanic origin,"White, Non-Hispanic",2019,6,12 month-ending,06/30/2019,331,"1,932,907",17.1,
01/12/2025,United States,Race and Hispanic origin,"White, Non-Hispanic",2019,7,12 month-ending,07/31/2019,330,"1,934,415",17.1,
01/12/2025,United States,Race and Hispanic origin,"White, Non-Hispanic",2019,8,12 month-ending,08/31/2019,323,"1,930,331",16.7,
01/12/2025,United States,Race and Hispanic origin,"White, Non-Hispanic",2019,9,12 month-ending,09/30/2019,330,"1,930,195",17.1,
01/12/2025,United States,Race and Hispanic origin,"White, Non-Hispanic",2019,10,12 month-ending,10/31/2019,335,"1,926,894",17.4,
01/12/2025,United States,Race and Hispanic origin,"White, Non-Hispanic",2019,11,12 month-ending,11/30/2019,338,"1,919,129",17.6,
01/12/2025,United States,Race and Hispanic origin,"White, Non-Hispanic",2019,12,12 month-ending,12/31/2019,343,"1,915,912",17.9,
01/12/2025,United States,Race and Hispanic origin,"White, Non-Hispanic",2020,1,12 month-ending,01/31/2020,340,"1,911,612",17.8,
01/12/2025,United States,Race and Hispanic origin,"White, Non-Hispanic",2020,2,12 month-ending,02/29/2020,345,"1,912,332",18,
01/12/2025,United States,Race and Hispanic origin,"White, Non-Hispanic",2020,3,12 month-ending,03/31/2020,341,"1,910,811",17.8,
01/12/2025,United States,Race and Hispanic origin,"White, Non-Hispanic",2020,4,12 month-ending,04/30/2020,333,"1,905,248",17.5,
01/12/2025,United States,Race and Hispanic origin,"White, Non-Hispanic",2020,5,12 month-ending,05/31/2020,326,"1,896,549",17.2,
01/12/2025,United States,Race and Hispanic origin,"White, Non-Hispanic",2020,6,12 month-ending,06/30/2020,329,"1,895,157",17.4,
01/12/2025,United States,Race and Hispanic origin,"White, Non-Hispanic",2020,7,12 month-ending,07/31/2020,334,"1,888,232",17.7,
01/12/2025,United States,Race and Hispanic origin,"White, Non-Hispanic",2020,8,12 month-ending,08/31/2020,344,"1,876,546",18.3,
01/12/2025,United States,Race and Hispanic origin,"White, Non-Hispanic",2020,9,12 month-ending,09/30/2020,354,"1,869,333",18.9,
01/12/2025,United States,Race and Hispanic origin,"White, Non-Hispanic",2020,10,12 month-ending,10/31/2020,352,"1,858,695",18.9,
01/12/2025,United States,Race and Hispanic origin,"White, Non-Hispanic",2020,11,12 month-ending,11/30/2020,350,"1,850,484",18.9,
01/12/2025,United States,Race and Hispanic origin,"White, Non-Hispanic",2020,12,12 month-ending,12/31/2020,352,"1,843,432",19.1,
01/12/2025,United States,Race and Hispanic origin,"White, Non-Hispanic",2021,1,12 month-ending,01/31/2021,357,"1,833,129",19.5,
01/12/2025,United States,Race and Hispanic origin,"White, Non-Hispanic",2021,2,12 month-ending,02/28/2021,352,"1,828,421",19.3,
01/12/2025,United States,Race and Hispanic origin,"White, Non-Hispanic",2021,3,12 month-ending,03/31/2021,343,"1,831,864",18.7,
01/12/2025,United States,Race and Hispanic origin,"White, Non-Hispanic",2021,4,12 month-ending,04/30/2021,362,"1,835,313",19.7,
01/12/2025,United States,Race and Hispanic origin,"White, Non-Hispanic",2021,5,12 month-ending,05/31/2021,369,"1,836,353",20.1,
01/12/2025,United States,Race and Hispanic origin,"White, Non-Hispanic",2021,6,12 month-ending,06/30/2021,367,"1,844,316",19.9,
01/12/2025,United States,Race and Hispanic origin,"White, Non-Hispanic",2021,7,12 month-ending,07/31/2021,369,"1,847,420",20,
01/12/2025,United States,Race and Hispanic origin,"White, Non-Hispanic",2021,8,12 month-ending,08/31/2021,395,"1,854,625",21.3,
01/12/2025,United States,Race and Hispanic origin,"White, Non-Hispanic",2021,9,12 month-ending,09/30/2021,438,"1,862,046",23.5,
01/12/2025,United States,Race and Hispanic origin,"White, Non-Hispanic",2021,10,12 month-ending,10/31/2021,461,"1,867,727",24.7,
01/12/2025,United States,Race and Hispanic origin,"White, Non-Hispanic",2021,11,12 month-ending,11/30/2021,470,"1,879,198",25,
01/12/2025,United States,Race and Hispanic origin,"White, Non-Hispanic",2021,12,12 month-ending,12/31/2021,503,"1,887,656",26.6,
01/12/2025,United States,Race and Hispanic origin,"White, Non-Hispanic",2022,1,12 month-ending,01/31/2022,517,"1,890,702",27.3,
01/12/2025,United States,Race and Hispanic origin,"White, Non-Hispanic",2022,2,12 month-ending,02/28/2022,529,"1,890,441",28,
01/12/2025,United States,Race and Hispanic origin,"White, Non-Hispanic",2022,3,12 month-ending,03/31/2022,528,"1,887,134",28,
01/12/2025,United States,Race and Hispanic origin,"White, Non-Hispanic",2022,4,12 month-ending,04/30/2022,508,"1,880,430",27,
01/12/2025,United States,Race and Hispanic origin,"White, Non-Hispanic",2022,5,12 month-ending,05/31/2022,494,"1,874,466",26.4,
01/12/2025,United States,Race and Hispanic origin,"White, Non-Hispanic",2022,6,12 month-ending,06/30/2022,506,"1,865,433",27.1,
01/12/2025,United States,Race and Hispanic origin,"White, Non-Hispanic",2022,7,12 month-ending,07/31/2022,504,"1,858,773",27.1,
01/12/2025,United States,Race and Hispanic origin,"White, Non-Hispanic",2022,8,12 month-ending,08/31/2022,468,"1,857,597",25.2,
01/12/2025,United States,Race and Hispanic origin,"White, Non-Hispanic",2022,9,12 month-ending,09/30/2022,411,"1,848,206",22.2,
01/12/2025,United States,Race and Hispanic origin,"White, Non-Hispanic",2022,10,12 month-ending,10/31/2022,392,"1,841,746",21.3,
01/12/2025,United States,Race and Hispanic origin,"White, Non-Hispanic",2022,11,12 month-ending,11/30/2022,380,"1,841,035",20.6,
01/12/2025,United States,Race and Hispanic origin,"White, Non-Hispanic",2022,12,12 month-ending,12/31/2022,350,"1,840,739",19,
01/12/2025,United States,Race and Hispanic origin,"White, Non-Hispanic",2023,1,12 month-ending,01/31/2023,331,"1,842,042",18,
01/12/2025,United States,Race and Hispanic origin,"White, Non-Hispanic",2023,2,12 month-ending,02/28/2023,320,"1,837,788",17.4,
01/12/2025,United States,Race and Hispanic origin,"White, Non-Hispanic",2023,3,12 month-ending,03/31/2023,312,"1,832,410",17,
01/12/2025,United States,Race and Hispanic origin,"White, Non-Hispanic",2023,4,12 month-ending,04/30/2023,303,"1,825,878",16.6,
01/12/2025,United States,Race and Hispanic origin,"White, Non-Hispanic",2023,5,12 month-ending,05/31/2023,298,"1,826,125",16.3,
01/12/2025,United States,Race and Hispanic origin,"White, Non-Hispanic",2023,6,12 month-ending,06/30/2023,286,"1,823,964",15.7,
01/12/2025,United States,Race and Hispanic origin,"White, Non-Hispanic",2023,7,12 month-ending,07/31/2023,275,"1,818,148",15.1,
01/12/2025,United States,Race and Hispanic origin,"White, Non-Hispanic",2023,8,12 month-ending,08/31/2023,272,"1,810,018",15,
01/12/2025,United States,Race and Hispanic origin,"White, Non-Hispanic",2023,9,12 month-ending,09/30/2023,272,"1,803,779",15.1,
01/12/2025,United States,Race and Hispanic origin,"White, Non-Hispanic",2023,10,12 month-ending,10/31/2023,265,"1,802,799",14.7,
01/12/2025,United States,Race and Hispanic origin,"White, Non-Hispanic",2023,11,12 month-ending,11/30/2023,254,"1,796,819",14.1,
01/12/2025,United States,Race and Hispanic origin,"White, Non-Hispanic",2023,12,12 month-ending,12/31/2023,259,"1,787,051",14.5,
01/12/2025,United States,Race and Hispanic origin,"White, Non-Hispanic",2024,1,12 month-ending,01/31/2024,255,"1,785,145",14.3,
01/12/2025,United States,Race and Hispanic origin,"White, Non-Hispanic",2024,2,12 month-ending,02/29/2024,255,"1,790,336",14.2,
01/12/2025,United States,Race and Hispanic origin,"White, Non-Hispanic",2024,3,12 month-ending,03/31/2024,260,"1,788,023",14.5,
01/12/2025,United States,Race and Hispanic origin,"White, Non-Hispanic",2024,4,12 month-ending,04/30/2024,260,"1,792,971",14.5,
01/12/2025,United States,Race and Hispanic origin,"White, Non-Hispanic",2024,5,12 month-ending,05/31/2024,266,"1,792,673",14.8,
01/12/2025,United States,Race and Hispanic origin,"White, Non-Hispanic",2024,6,12 month-ending,06/30/2024,265,"1,784,094",14.9,
01/12/2025,United States,Race and Hispanic origin,"White, Non-Hispanic",2024,7,12 month-ending,07/31/2024,265,"1,785,009",14.8,
01/12/2025,United States,Race and Hispanic origin,"White, Non-Hispanic",2024,8,12 month-ending,08/31/2024,267,"1,783,230",15,
01/12/2025,United States,Race and Hispanic origin,"White, Non-Hispanic",2024,9,12 month-ending,09/30/2024,266,"1,781,806",14.9,
